"away.stats.totals.behinds","away.stats.totals.bounces","away.stats.totals.clangers","away.stats.totals.clearances.centreClearances","away.stats.totals.clearances.stoppageClearances","away.stats.totals.clearances.totalClearances","away.stats.totals.contestedMarks","away.stats.totals.contestedPossessions","away.stats.totals.disposalEfficiency","away.stats.totals.disposals","away.stats.totals.dreamTeamPoints","away.stats.totals.extendedStats","away.stats.totals.freesAgainst","away.stats.totals.freesFor","away.stats.totals.goalAccuracy","away.stats.totals.goalAssists","away.stats.totals.goalEfficiency","away.stats.totals.goals","away.stats.totals.handballs","away.stats.totals.hitouts","away.stats.totals.inside50s","away.stats.totals.intercepts","away.stats.totals.interchangeCounts.interchangeCap","away.stats.totals.interchangeCounts.interchangeCountQ1","away.stats.totals.interchangeCounts.interchangeCountQ2","away.stats.totals.interchangeCounts.interchangeCountQ3","away.stats.totals.interchangeCounts.interchangeCountQ4","away.stats.totals.interchangeCounts.totalInterchangeCount","away.stats.totals.kicks","away.stats.totals.lastUpdated","away.stats.totals.marks","away.stats.totals.marksInside50","away.stats.totals.metresGained","away.stats.totals.onePercenters","away.stats.totals.ranking","away.stats.totals.ratingPoints","away.stats.totals.rebound50s","away.stats.totals.scoreInvolvements","away.stats.totals.shotEfficiency","away.stats.totals.shotsAtGoal","away.stats.totals.superGoals","away.stats.totals.tackles","away.stats.totals.tacklesInside50","away.stats.totals.totalPossessions","away.stats.totals.turnovers","away.stats.totals.uncontestedPossessions","away.team.teamAbbr","away.team.teamId","away.team.teamName","away.team.teamNickname","home.stats.totals.behinds","home.stats.totals.bounces","home.stats.totals.clangers","home.stats.totals.clearances.centreClearances","home.stats.totals.clearances.stoppageClearances","home.stats.totals.clearances.totalClearances","home.stats.totals.contestedMarks","home.stats.totals.contestedPossessions","home.stats.totals.disposalEfficiency","home.stats.totals.disposals","home.stats.totals.dreamTeamPoints","home.stats.totals.extendedStats","home.stats.totals.freesAgainst","home.stats.totals.freesFor","home.stats.totals.goalAccuracy","home.stats.totals.goalAssists","home.stats.totals.goalEfficiency","home.stats.totals.goals","home.stats.totals.handballs","home.stats.totals.hitouts","home.stats.totals.inside50s","home.stats.totals.intercepts","home.stats.totals.interchangeCounts.interchangeCap","home.stats.totals.interchangeCounts.interchangeCountQ1","home.stats.totals.interchangeCounts.interchangeCountQ2","home.stats.totals.interchangeCounts.interchangeCountQ3","home.stats.totals.interchangeCounts.interchangeCountQ4","home.stats.totals.interchangeCounts.totalInterchangeCount","home.stats.totals.kicks","home.stats.totals.lastUpdated","home.stats.totals.marks","home.stats.totals.marksInside50","home.stats.totals.metresGained","home.stats.totals.onePercenters","home.stats.totals.ranking","home.stats.totals.ratingPoints","home.stats.totals.rebound50s","home.stats.totals.scoreInvolvements","home.stats.totals.shotEfficiency","home.stats.totals.shotsAtGoal","home.stats.totals.superGoals","home.stats.totals.tackles","home.stats.totals.tacklesInside50","home.stats.totals.totalPossessions","home.stats.totals.turnovers","home.stats.totals.uncontestedPossessions","home.team.teamAbbr","home.team.teamId","home.team.teamName","home.team.teamNickname"
9,11,44,18,25,43,10,145,72.4,344,1564,NA,24,27,62.1,8,29,18,120,38,62,66,0,0,0,0,0,0,224,2018-01-29 22:44:25,82,7,NA,42,NA,NA,36,NA,46.8,29,NA,74,23,340,75,195,"ESS","CD_T50","Essendon","Bombers",16,4,50,9,25,34,15,155,64.6,311,1256,NA,27,24,45.8,7,22.9,11,123,44,48,75,0,0,0,0,0,0,188,2018-01-29 22:44:25,63,8,NA,45,NA,NA,44,NA,50,24,NA,47,9,301,66,146,"ADEL","CD_T10","Adelaide Crows","Crows"
14,11,46,9,34,43,16,153,63.7,289,1355,NA,20,25,47.8,5,28.9,11,110,47,38,65,0,0,0,0,0,0,179,2018-01-29 22:44:29,58,8,NA,50,NA,NA,45,NA,60.5,23,NA,83,15,291,67,138,"WCE","CD_T150","West Coast Eagles","Eagles",12,8,44,17,19,36,10,152,67.2,335,1521,NA,25,20,51.6,8,26.2,16,129,35,61,67,0,0,0,0,0,0,206,2018-01-29 22:44:29,87,11,NA,52,NA,NA,26,NA,50.8,31,NA,74,12,340,65,188,"FRE","CD_T60","Fremantle","Freo"
22,13,42,18,24,42,14,158,69.9,342,1372,NA,18,20,40,8,23.3,14,130,37,60,70,0,0,0,0,0,0,212,2018-01-29 22:44:35,69,8,NA,44,NA,NA,44,NA,58.3,35,NA,40,9,341,66,183,"RICH","CD_T120","Richmond","Tigers",17,7,49,10,23,33,12,155,70.9,347,1382,NA,20,18,40,9,24.1,14,149,34,58,66,0,0,0,0,0,0,198,2018-01-29 22:44:35,67,16,NA,55,NA,NA,43,NA,60.3,35,NA,49,4,349,69,194,"CARL","CD_T30","Carlton","Blues"
17,10,50,8,26,34,7,136,66.8,304,1274,NA,25,26,30.4,5,14.9,7,136,34,47,69,0,0,0,0,0,0,168,2018-01-29 22:44:37,54,11,NA,50,NA,NA,36,NA,48.9,23,NA,73,4,301,69,165,"BL","CD_T20","Brisbane Lions","Lions",13,6,43,17,25,42,11,146,76.3,380,1750,NA,26,25,61.3,13,34.5,19,135,39,55,69,0,0,0,0,0,0,245,2018-01-29 22:44:37,116,13,NA,58,NA,NA,40,NA,56.4,31,NA,71,11,385,69,239,"WB","CD_T140","Western Bulldogs","Bulldogs"
10,7,51,10,32,42,17,176,68.1,361,1529,NA,22,25,50,8,33.3,16,154,49,48,73,0,0,0,0,0,0,207,2018-01-29 22:44:43,70,8,NA,51,NA,NA,39,NA,66.7,32,NA,69,14,363,69,187,"SYD","CD_T160","Sydney Swans","Swans",10,5,48,19,25,44,6,156,66.8,346,1413,NA,25,22,42.3,5,22,11,139,36,50,69,0,0,0,0,0,0,207,2018-01-29 22:44:43,81,5,NA,39,NA,NA,31,NA,52,26,NA,53,12,345,73,189,"GWS","CD_T1010","GWS Giants","Giants"
17,11,46,11,19,30,10,139,77.5,355,1521,NA,15,23,43.5,9,16.9,10,129,40,59,75,0,0,0,0,0,0,226,2018-01-29 22:44:46,98,12,NA,55,NA,NA,36,NA,39,23,NA,49,7,362,70,223,"STK","CD_T130","St Kilda","Saints",12,9,57,15,25,40,11,145,69.3,335,1375,NA,23,15,50,9,26,13,133,32,50,70,0,0,0,0,0,0,202,2018-01-29 22:44:46,73,6,NA,67,NA,NA,48,NA,52,26,NA,54,3,324,75,179,"GCFC","CD_T1000","Gold Coast Suns","Suns"
19,6,47,16,27,43,12,140,72.4,377,1630,NA,27,24,52.8,14,30.6,19,151,32,62,65,0,0,0,0,0,0,226,2018-01-29 22:44:52,98,18,NA,39,NA,NA,32,NA,58.1,36,NA,62,8,372,50,232,"PORT","CD_T110","Port Adelaide","Power",6,9,54,9,25,34,11,122,73,296,1247,NA,24,27,50,6,19.5,8,126,41,41,50,0,0,0,0,0,0,170,2018-01-29 22:44:52,73,9,NA,49,NA,NA,43,NA,39,16,NA,54,9,296,65,174,"MELB","CD_T90","Melbourne","Demons"
13,5,46,9,23,32,15,142,71.6,327,1450,NA,23,22,51.7,11,28.8,15,117,26,52,70,0,0,0,0,0,0,210,2018-01-29 22:44:54,92,14,NA,43,NA,NA,38,NA,55.8,29,NA,57,10,326,63,184,"COLL","CD_T40","Collingwood","Magpies",9,4,45,17,26,43,7,137,71.7,353,1378,NA,22,23,48.1,9,24.5,13,144,44,53,65,0,0,0,0,0,0,209,2018-01-29 22:44:54,73,7,NA,41,NA,NA,37,NA,50.9,27,NA,39,7,348,71,211,"NMFC","CD_T100","North Melbourne","Kangaroos"
15,7,57,9,15,24,15,144,73,371,1541,NA,27,17,44.8,9,22.8,13,164,28,57,83,0,0,0,0,0,0,207,2018-01-29 22:45:00,97,11,NA,43,NA,NA,51,NA,50.9,29,NA,61,8,369,76,225,"GEEL","CD_T70","Geelong Cats","Cats",14,13,50,18,19,37,5,157,74.1,405,1578,NA,17,27,41.4,10,18.2,12,189,32,66,76,0,0,0,0,0,0,216,2018-01-29 22:45:00,82,13,NA,56,NA,NA,44,NA,43.9,29,NA,53,13,402,81,245,"HAW","CD_T80","Hawthorn","Hawks"
15,16,44,9,22,31,13,136,68.8,359,1481,NA,15,23,46.7,8,25,14,147,31,56,76,0,0,0,0,0,0,212,2018-01-29 22:45:04,93,8,NA,46,NA,NA,38,NA,53.6,30,NA,41,13,359,69,223,"RICH","CD_T120","Richmond","Tigers",10,9,61,19,15,34,13,130,69.1,350,1464,NA,23,15,52.2,9,23.1,12,145,29,52,69,0,0,0,0,0,0,205,2018-01-29 22:45:04,94,13,NA,42,NA,NA,41,NA,44.2,23,NA,55,9,349,75,219,"STK","CD_T130","St Kilda","Saints"
7,13,53,9,40,49,7,176,62.1,317,1318,NA,28,33,44,2,24.4,11,116,38,45,79,0,0,0,0,0,0,201,2018-01-29 22:45:07,57,4,NA,54,NA,NA,41,NA,55.6,25,NA,63,11,313,81,137,"GCFC","CD_T1000","Gold Coast Suns","Suns",12,4,61,20,27,47,11,178,68.8,369,1483,NA,33,28,51.5,12,29.3,17,151,57,58,81,0,0,0,0,0,0,218,2018-01-29 22:45:07,45,12,NA,46,NA,NA,33,NA,56.9,33,NA,73,8,353,79,175,"SYD","CD_T160","Sydney Swans","Swans"
10,10,50,8,21,29,12,131,73.2,321,1512,NA,27,19,59.3,13,33.3,16,112,29,48,72,0,0,0,0,0,0,209,2018-01-29 22:45:13,112,13,NA,36,NA,NA,35,NA,56.3,27,NA,63,9,321,61,190,"FRE","CD_T60","Fremantle","Freo",12,7,44,16,25,41,6,147,68.3,350,1489,NA,19,27,40.7,8,23.4,11,146,53,47,61,0,0,0,0,0,0,204,2018-01-29 22:45:13,80,9,NA,51,NA,NA,32,NA,57.4,27,NA,61,14,350,71,203,"WB","CD_T140","Western Bulldogs","Bulldogs"
12,8,55,15,30,45,13,148,70.4,331,1477,NA,26,25,41.2,7,23,14,115,29,61,59,0,0,0,0,0,0,216,2018-01-29 22:45:18,97,13,NA,49,NA,NA,44,NA,55.7,34,NA,59,15,329,71,181,"ADEL","CD_T10","Adelaide Crows","Crows",17,12,48,9,23,32,6,140,70,310,1339,NA,25,26,40,4,18.5,10,128,51,54,71,0,0,0,0,0,0,182,2018-01-29 22:45:18,66,5,NA,53,NA,NA,46,NA,46.3,25,NA,65,11,311,58,171,"BL","CD_T20","Brisbane Lions","Lions"
6,11,49,13,14,27,12,107,67.6,262,1063,NA,21,19,45.5,1,17.9,5,110,33,28,56,0,0,0,0,0,0,152,2018-01-29 22:45:20,74,4,NA,48,NA,NA,50,NA,39.3,11,NA,35,5,256,66,149,"MELB","CD_T90","Melbourne","Demons",16,16,48,21,21,42,15,151,80.3,452,2039,NA,19,21,60.9,22,35.9,28,181,40,78,66,0,0,0,0,0,0,271,2018-01-29 22:45:20,144,22,NA,40,NA,NA,22,NA,59,46,NA,61,12,450,55,299,"ESS","CD_T50","Essendon","Bombers"
12,12,65,12,26,38,2,134,66.2,308,1274,NA,28,25,44,4,28.2,11,119,28,39,55,0,0,0,0,0,0,189,2018-01-29 22:45:25,70,10,NA,43,NA,NA,47,NA,64.1,25,NA,53,5,305,75,171,"GWS","CD_T1010","GWS Giants","Giants",20,10,53,14,11,25,11,127,72.2,389,1666,NA,25,28,45.2,15,28.4,19,164,26,67,75,0,0,0,0,0,0,225,2018-01-29 22:45:25,110,21,NA,39,NA,NA,28,NA,62.7,42,NA,55,11,382,54,255,"PORT","CD_T110","Port Adelaide","Power"
6,7,57,11,37,48,13,150,74.1,355,1647,NA,29,22,70.8,10,41.5,17,123,53,41,50,0,0,0,0,0,0,232,2018-01-29 22:45:28,107,11,NA,38,NA,NA,54,NA,58.5,24,NA,72,6,351,70,201,"NMFC","CD_T100","North Melbourne","Kangaroos",16,5,45,17,16,33,10,154,69.1,350,1442,NA,22,29,40,10,22.5,16,177,35,71,70,0,0,0,0,0,0,173,2018-01-29 22:45:28,57,14,NA,38,NA,NA,24,NA,56.3,40,NA,72,8,356,49,202,"GEEL","CD_T70","Geelong Cats","Cats"
10,12,49,21,20,41,11,146,67.2,299,1298,NA,21,13,57.7,9,27.3,15,117,43,55,64,0,0,0,0,0,0,182,2018-01-29 22:45:35,55,10,NA,62,NA,NA,46,NA,47.3,26,NA,65,9,290,73,144,"CARL","CD_T30","Carlton","Blues",15,17,41,15,21,36,5,154,69.6,359,1583,NA,13,21,48.6,13,26.6,17,126,21,64,73,0,0,0,0,0,0,233,2018-01-29 22:45:35,88,12,NA,57,NA,NA,39,NA,54.7,35,NA,62,18,349,64,195,"COLL","CD_T40","Collingwood","Magpies"
10,8,42,18,23,41,10,152,75.4,358,1569,NA,23,23,69.7,9,37.1,23,145,47,62,62,0,0,0,0,0,0,213,2018-01-29 22:45:37,77,12,NA,40,NA,NA,21,NA,53.2,33,NA,65,14,356,55,204,"HAW","CD_T80","Hawthorn","Hawks",8,11,44,18,33,51,9,141,72.1,305,1280,NA,23,23,71.4,11,40.5,15,132,48,37,55,0,0,0,0,0,0,173,2018-01-29 22:45:37,63,11,NA,36,NA,NA,38,NA,56.8,21,NA,52,9,302,62,161,"WCE","CD_T150","West Coast Eagles","Eagles"
12,9,64,4,33,37,9,182,56.2,347,1479,NA,26,19,38.5,6,NA,10,139,59,46,NA,NA,NA,NA,NA,NA,NA,208,NA,55,6,NA,49,NA,NA,50,NA,NA,NA,NA,85,NA,335,NA,153,"ESS","CD_T50","Essendon","Bombers",14,0,47,13,47,60,8,173,57.9,318,1485,NA,19,26,29,7,NA,9,100,44,59,NA,NA,NA,NA,NA,NA,NA,218,NA,66,11,NA,46,NA,NA,35,NA,NA,NA,NA,88,NA,310,NA,137,"FRE","CD_T60","Fremantle","Freo"
11,5,44,17,29,46,11,148,74.5,357,1495,NA,23,16,60.6,15,34.5,20,152,57,58,61,0,0,0,0,0,0,205,2018-01-29 22:45:44,71,8,NA,39,NA,NA,35,NA,56.9,33,NA,57,14,348,57,200,"SYD","CD_T160","Sydney Swans","Swans",14,4,48,15,32,47,14,139,71.1,339,1528,NA,16,23,61.9,9,26.5,13,119,45,49,57,0,0,0,0,0,0,220,2018-01-29 22:45:44,94,9,NA,40,NA,NA,38,NA,42.9,21,NA,59,11,338,61,199,"NMFC","CD_T100","North Melbourne","Kangaroos"
15,12,41,22,23,45,16,161,73.9,391,1731,NA,18,20,60,15,43.5,27,175,33,62,71,0,0,0,0,0,0,216,2018-01-29 22:45:50,83,17,NA,32,NA,NA,27,NA,72.6,45,NA,77,15,389,63,228,"WCE","CD_T150","West Coast Eagles","Eagles",5,9,47,15,17,32,13,133,67.9,324,1354,NA,20,18,59.1,5,31,13,145,46,42,63,0,0,0,0,0,0,179,2018-01-29 22:45:50,72,9,NA,37,NA,NA,34,NA,52.4,22,NA,56,9,323,71,190,"MELB","CD_T90","Melbourne","Demons"
14,22,50,13,20,33,12,139,79,428,1694,NA,27,14,53.8,17,33.9,21,197,33,62,66,0,0,0,0,0,0,231,2018-01-29 22:45:52,111,19,NA,36,NA,NA,31,NA,62.9,39,NA,42,10,428,52,289,"STK","CD_T130","St Kilda","Saints",8,11,41,14,17,31,7,109,71.9,292,1238,NA,14,27,47.6,6,23.8,10,115,38,42,54,0,0,0,0,0,0,177,2018-01-29 22:45:52,74,7,NA,43,NA,NA,41,NA,50,21,NA,41,6,294,65,185,"GWS","CD_T1010","GWS Giants","Giants"
13,13,39,18,20,38,7,142,72.8,345,1457,NA,19,14,48.4,12,27.3,15,144,32,55,64,0,0,0,0,0,0,201,2018-01-29 22:45:59,78,11,NA,26,NA,NA,40,NA,56.4,31,NA,60,14,344,64,202,"CARL","CD_T30","Carlton","Blues",11,3,35,16,13,29,9,139,73,371,1607,NA,14,19,54.5,9,31,18,162,34,58,64,0,0,0,0,0,0,209,2018-01-29 22:45:59,102,14,NA,40,NA,NA,40,NA,56.9,33,NA,55,12,372,64,233,"GEEL","CD_T70","Geelong Cats","Cats"
16,6,53,14,32,46,5,157,67.9,355,1470,NA,21,14,54.2,10,22,13,139,35,59,73,0,0,0,0,0,0,216,2018-01-29 22:46:03,64,9,NA,74,NA,NA,41,NA,40.7,24,NA,68,13,356,70,199,"BL","CD_T20","Brisbane Lions","Lions",14,7,57,15,23,38,3,153,67.1,337,1501,NA,14,21,38.2,12,23.6,13,123,42,55,70,0,0,0,0,0,0,214,2018-01-29 22:46:03,56,10,NA,72,NA,NA,45,NA,61.8,34,NA,83,7,320,73,167,"GCFC","CD_T1000","Gold Coast Suns","Suns"
8,2,48,13,17,30,5,120,71.9,292,1144,NA,29,34,66.7,7,25.6,10,130,38,39,54,0,0,0,0,0,0,162,2018-01-29 22:46:06,55,7,NA,50,NA,NA,41,NA,38.5,15,NA,45,4,290,58,170,"WB","CD_T140","Western Bulldogs","Bulldogs",15,15,52,20,18,38,12,136,77.7,400,1709,NA,34,29,48.8,16,32.3,20,159,25,62,58,0,0,0,0,0,0,241,2018-01-29 22:46:06,127,22,NA,51,NA,NA,29,NA,66.1,41,NA,50,6,410,54,274,"RICH","CD_T120","Richmond","Tigers"
13,5,40,21,31,52,8,174,66.5,373,1642,NA,13,22,57.9,12,37.3,22,149,43,59,78,0,0,0,0,0,0,224,2018-01-29 22:46:12,67,11,NA,69,NA,NA,38,NA,64.4,38,NA,75,9,370,75,196,"HAW","CD_T80","Hawthorn","Hawks",12,3,53,17,24,41,13,167,66.9,366,1507,NA,22,13,52,9,25.5,13,159,37,51,75,0,0,0,0,0,0,207,2018-01-29 22:46:12,66,11,NA,63,NA,NA,37,NA,49,25,NA,74,2,357,77,190,"COLL","CD_T40","Collingwood","Magpies"
13,11,47,13,28,41,12,145,69.2,331,1424,NA,25,24,53.3,11,32,16,127,39,50,51,0,0,0,0,0,0,204,2018-01-29 22:46:15,75,8,NA,36,NA,NA,39,NA,60,30,NA,59,6,317,59,172,"ADEL","CD_T10","Adelaide Crows","Crows",16,11,44,17,26,43,19,160,69.9,369,1554,NA,24,25,53.1,11,30.4,17,154,46,56,59,0,0,0,0,0,0,215,2018-01-29 22:46:15,84,13,NA,34,NA,NA,33,NA,57.1,32,NA,58,10,362,51,202,"PORT","CD_T110","Port Adelaide","Power"
10,6,50,17,26,43,9,155,71.5,379,1536,NA,23,23,63.3,12,31.1,19,174,38,61,78,0,0,0,0,0,0,205,2018-01-29 22:46:21,79,14,NA,39,NA,NA,43,NA,49.2,30,NA,55,11,376,71,221,"GEEL","CD_T70","Geelong Cats","Cats",7,19,63,17,23,40,12,158,73.9,349,1388,NA,23,23,66.7,14,27.1,16,153,45,59,71,0,0,0,0,0,0,196,2018-01-29 22:46:21,64,11,NA,45,NA,NA,41,NA,40.7,24,NA,50,11,345,78,187,"SYD","CD_T160","Sydney Swans","Swans"
10,4,40,11,31,42,8,137,70.7,328,1364,NA,17,21,55,6,24.4,11,139,34,45,57,0,0,0,0,0,0,189,2018-01-29 22:46:23,77,9,NA,38,NA,NA,31,NA,44.4,20,NA,52,11,327,61,190,"FRE","CD_T60","Fremantle","Freo",10,6,47,17,18,35,24,141,76.2,387,1731,NA,21,17,58.1,14,36,18,166,48,50,61,0,0,0,0,0,0,221,2018-01-29 22:46:23,116,15,NA,49,NA,NA,34,NA,62,31,NA,67,12,391,57,250,"HAW","CD_T80","Hawthorn","Hawks"
17,14,38,12,22,34,18,131,74.5,349,1611,NA,17,18,47.1,12,29.1,16,115,26,55,63,0,0,0,0,0,0,234,2018-01-29 22:46:30,127,21,NA,26,NA,NA,35,NA,61.8,34,NA,48,8,346,55,215,"COLL","CD_T40","Collingwood","Magpies",13,14,51,15,16,31,7,122,70.1,335,1277,NA,18,17,36.7,7,23.4,11,148,36,47,55,0,0,0,0,0,0,187,2018-01-29 22:46:30,70,13,NA,46,NA,NA,38,NA,63.8,30,NA,33,5,323,63,201,"RICH","CD_T120","Richmond","Tigers"
14,11,46,17,16,33,22,176,68.9,411,1778,NA,22,28,55.9,10,32.2,19,158,41,59,70,0,0,0,0,0,0,253,2018-01-29 22:46:33,124,14,NA,30,NA,NA,37,NA,57.6,34,NA,50,13,413,69,237,"ESS","CD_T50","Essendon","Bombers",13,13,58,13,20,33,9,135,68.8,324,1354,NA,28,22,44.8,7,25,13,139,33,52,69,0,0,0,0,0,0,185,2018-01-29 22:46:33,77,10,NA,54,NA,NA,40,NA,55.8,29,NA,57,9,325,70,190,"STK","CD_T130","St Kilda","Saints"
17,34,48,10,24,34,14,162,68.1,376,1487,NA,22,18,40,6,27.9,12,173,32,43,65,0,0,0,0,0,0,203,2018-01-29 22:46:37,69,8,NA,51,NA,NA,44,NA,69.8,30,NA,63,7,372,63,210,"CARL","CD_T30","Carlton","Blues",23,13,40,11,24,35,7,147,64.2,332,1423,NA,18,22,20.6,6,13.7,7,134,37,51,63,0,0,0,0,0,0,198,2018-01-29 22:46:37,73,11,NA,42,NA,NA,30,NA,66.7,34,NA,68,7,324,63,177,"WCE","CD_T150","West Coast Eagles","Eagles"
8,5,45,12,18,30,6,138,76.4,406,1781,NA,11,20,66.7,9,30.2,16,162,33,53,76,0,0,0,0,0,0,244,2018-01-29 22:46:43,127,10,NA,47,NA,NA,47,NA,45.3,24,NA,55,11,407,68,269,"PORT","CD_T110","Port Adelaide","Power",12,3,59,14,23,37,10,150,68.5,355,1374,NA,20,11,34.6,8,16.1,9,145,26,56,68,0,0,0,0,0,0,210,2018-01-29 22:46:43,81,12,NA,53,NA,NA,36,NA,46.4,26,NA,42,4,358,76,208,"GCFC","CD_T1000","Gold Coast Suns","Suns"
13,17,60,16,25,41,6,155,66.8,374,1408,NA,26,20,51.7,7,32.6,15,182,35,46,69,0,0,0,0,0,0,192,2018-01-29 22:46:45,56,5,NA,51,NA,NA,37,NA,63,29,NA,55,5,364,76,209,"GWS","CD_T1010","GWS Giants","Giants",12,14,41,17,22,39,22,156,73.6,360,1695,NA,20,26,61.1,16,37.9,22,150,50,58,76,0,0,0,0,0,0,210,2018-01-29 22:46:45,87,17,NA,41,NA,NA,29,NA,62.1,36,NA,86,15,360,68,204,"MELB","CD_T90","Melbourne","Demons"
4,0,59,12,38,50,11,185,54.7,353,1471,NA,19,15,40,4,10,4,149,56,40,81,0,0,0,0,0,0,204,2018-01-29 22:46:51,49,3,NA,47,NA,NA,40,NA,25,10,NA,93,14,340,94,155,"WB","CD_T140","Western Bulldogs","Bulldogs",8,2,45,4,44,48,12,184,60.6,383,1698,NA,15,19,54.5,8,23.1,12,158,50,52,94,0,0,0,0,0,0,225,2018-01-29 22:46:51,69,8,NA,43,NA,NA,36,NA,42.3,22,NA,99,17,369,81,185,"ADEL","CD_T10","Adelaide Crows","Crows"
8,9,53,13,17,30,8,125,74.6,342,1372,NA,25,21,52.9,8,19.6,9,154,25,46,58,0,0,0,0,0,0,188,2018-01-29 22:46:54,89,9,NA,54,NA,NA,45,NA,37,17,NA,50,4,342,74,217,"BL","CD_T20","Brisbane Lions","Lions",17,22,40,15,14,29,15,148,77.3,401,1654,NA,21,25,48.6,8,28.1,18,166,39,64,75,0,0,0,0,0,0,235,2018-01-29 22:46:54,109,12,NA,40,NA,NA,34,NA,57.8,37,NA,41,4,404,58,256,"NMFC","CD_T100","North Melbourne","Kangaroos"
15,31,49,12,18,30,11,133,73.4,365,1495,NA,17,14,37,8,21.3,10,156,21,47,65,0,0,0,0,0,0,209,2018-01-29 22:46:59,99,13,NA,45,NA,NA,34,NA,57.4,27,NA,50,8,366,67,233,"COLL","CD_T40","Collingwood","Magpies",13,8,37,14,18,32,13,129,74.8,353,1588,NA,14,17,51.4,14,34.6,18,138,50,52,68,0,0,0,0,0,0,215,2018-01-29 22:46:59,99,14,NA,36,NA,NA,37,NA,67.3,35,NA,56,14,352,65,223,"ESS","CD_T50","Essendon","Bombers"
13,0,42,9,34,43,10,165,64,364,1598,NA,11,19,44,6,18.6,11,167,56,59,86,0,0,0,0,0,0,197,2018-01-29 22:47:03,64,8,NA,56,NA,NA,40,NA,42.4,25,NA,90,25,361,75,196,"SYD","CD_T160","Sydney Swans","Swans",9,2,57,13,30,43,10,166,57.1,324,1491,NA,19,11,47.4,5,18,9,127,36,50,75,0,0,0,0,0,0,197,2018-01-29 22:47:03,67,8,NA,61,NA,NA,47,NA,38,19,NA,98,22,319,85,153,"STK","CD_T130","St Kilda","Saints"
8,5,58,10,26,36,16,155,69.8,341,1470,NA,26,21,60,7,26.7,12,134,38,45,77,0,0,0,0,0,0,207,2018-01-29 22:47:05,76,7,NA,55,NA,NA,36,NA,44.4,20,NA,73,7,337,75,182,"RICH","CD_T120","Richmond","Tigers",9,2,46,10,29,39,9,145,72.6,368,1644,NA,21,26,50,8,24,12,132,39,50,76,0,0,0,0,0,0,236,2018-01-29 22:47:05,111,8,NA,43,NA,NA,32,NA,48,24,NA,64,7,366,76,221,"FRE","CD_T60","Fremantle","Freo"
22,14,31,19,14,33,15,149,75.1,386,1716,NA,8,19,45.7,17,34.4,21,143,29,61,68,0,0,0,0,0,0,243,2018-01-29 22:47:11,115,26,NA,40,NA,NA,31,NA,75.4,46,NA,46,7,383,53,234,"GCFC","CD_T1000","Gold Coast Suns","Suns",8,9,48,16,11,27,7,110,76.6,337,1460,NA,19,8,59.3,10,34,16,137,22,47,55,0,0,0,0,0,0,200,2018-01-29 22:47:11,99,9,NA,30,NA,NA,39,NA,57.4,27,NA,53,3,331,67,221,"GWS","CD_T1010","GWS Giants","Giants"
11,15,45,16,11,27,9,120,71.9,324,1448,NA,21,12,44.4,10,23.5,12,121,36,51,68,0,0,0,0,0,0,203,2018-01-29 22:47:14,99,13,NA,52,NA,NA,47,NA,52.9,27,NA,58,8,321,70,201,"ADEL","CD_T10","Adelaide Crows","Crows",13,22,38,13,23,36,6,161,72.6,398,1599,NA,12,21,56.7,15,26.6,17,172,37,64,71,0,0,0,0,0,0,226,2018-01-29 22:47:14,72,8,NA,62,NA,NA,38,NA,46.9,30,NA,56,15,394,67,233,"CARL","CD_T30","Carlton","Blues"
17,9,43,12,19,31,18,134,75.6,390,1600,NA,13,14,45.5,11,22.1,15,179,25,68,75,0,0,0,0,0,0,211,2018-01-29 22:47:20,102,17,NA,28,NA,NA,33,NA,48.5,33,NA,49,2,387,69,253,"GEEL","CD_T70","Geelong Cats","Cats",8,10,45,16,19,35,20,149,71,362,1491,NA,14,13,46.4,5,28.3,13,151,42,46,69,0,0,0,0,0,0,211,2018-01-29 22:47:20,99,10,NA,40,NA,NA,51,NA,60.9,28,NA,40,6,363,75,214,"WB","CD_T140","Western Bulldogs","Bulldogs"
19,10,52,10,19,29,18,137,69.3,348,1620,NA,18,14,31.3,9,20,10,120,35,50,77,0,0,0,0,0,0,228,2018-01-29 22:47:23,114,20,NA,43,NA,NA,38,NA,64,32,NA,70,11,341,76,204,"WCE","CD_T150","West Coast Eagles","Eagles",12,13,52,11,21,32,7,144,66.9,366,1497,NA,14,18,42.9,9,24,12,164,31,50,76,0,0,0,0,0,0,202,2018-01-29 22:47:23,68,3,NA,42,NA,NA,40,NA,56,28,NA,67,7,356,77,212,"PORT","CD_T110","Port Adelaide","Power"
10,9,37,10,21,31,12,119,71.5,302,1357,NA,17,21,60.9,10,29.8,14,117,43,47,55,0,0,0,0,0,0,185,2018-01-29 22:47:29,75,9,NA,47,NA,NA,44,NA,48.9,23,NA,59,13,295,62,176,"MELB","CD_T90","Melbourne","Demons",20,14,48,21,19,40,11,150,73.3,420,1651,NA,21,17,42.5,12,27,17,201,43,63,63,0,0,0,0,0,0,219,2018-01-29 22:47:29,91,20,NA,37,NA,NA,33,NA,63.5,40,NA,50,4,415,55,265,"BL","CD_T20","Brisbane Lions","Lions"
18,9,41,16,30,46,9,149,73.1,350,1436,NA,15,30,41.9,6,20.6,13,134,47,63,61,0,0,0,0,0,0,216,2018-01-29 22:47:31,72,6,NA,50,NA,NA,32,NA,49.2,31,NA,44,10,348,74,199,"NMFC","CD_T100","North Melbourne","Kangaroos",15,15,53,13,11,24,14,126,70.6,330,1407,NA,30,15,50,10,29.8,14,126,26,47,74,0,0,0,0,0,0,204,2018-01-29 22:47:31,99,17,NA,61,NA,NA,48,NA,59.6,28,NA,49,8,336,61,210,"HAW","CD_T80","Hawthorn","Hawks"
11,23,48,14,17,31,12,115,68.3,290,1260,NA,24,21,44,10,24.4,11,108,39,45,54,0,0,0,0,0,0,182,2018-01-29 22:47:37,91,10,NA,30,NA,NA,33,NA,55.6,25,NA,40,8,288,54,173,"STK","CD_T130","St Kilda","Saints",13,22,48,11,20,31,13,117,77.1,363,1686,NA,21,24,46.9,10,31.3,15,134,35,48,54,0,0,0,0,0,0,229,2018-01-29 22:47:37,132,14,NA,27,NA,NA,33,NA,66.7,32,NA,59,9,359,53,242,"COLL","CD_T40","Collingwood","Magpies"
9,6,53,14,30,44,15,152,69,348,1525,NA,19,24,54.5,10,29.3,12,130,41,41,65,0,0,0,0,0,0,218,2018-01-29 22:47:40,106,9,NA,52,NA,NA,52,NA,53.7,22,NA,51,4,344,77,192,"GWS","CD_T1010","GWS Giants","Giants",18,11,51,15,14,29,12,148,74.2,388,1687,NA,24,19,47.2,14,24.6,17,160,30,69,77,0,0,0,0,0,0,228,2018-01-29 22:47:40,106,14,NA,37,NA,NA,28,NA,52.2,36,NA,67,18,390,63,242,"ESS","CD_T50","Essendon","Bombers"
11,9,52,11,25,36,7,128,70.7,307,1274,NA,38,15,50,7,27.9,12,148,31,43,56,0,0,0,0,0,0,159,2018-01-29 22:47:45,58,12,NA,47,NA,NA,39,NA,55.8,24,NA,78,18,303,54,175,"PORT","CD_T110","Port Adelaide","Power",9,7,39,16,26,42,11,159,67.6,336,1497,NA,15,38,50,9,25.9,14,136,50,54,54,0,0,0,0,0,0,200,2018-01-29 22:47:45,75,14,NA,27,NA,NA,31,NA,51.9,28,NA,66,17,334,56,175,"NMFC","CD_T100","North Melbourne","Kangaroos"
11,10,47,15,20,35,8,135,73.1,375,1484,NA,20,23,50,9,25,13,168,35,52,67,0,0,0,0,0,0,207,2018-01-29 22:47:48,80,11,NA,44,NA,NA,39,NA,50,26,NA,50,8,372,72,237,"HAW","CD_T80","Hawthorn","Hawks",12,7,52,12,18,30,14,128,73.1,350,1536,NA,23,20,42.3,5,22,11,136,35,50,72,0,0,0,0,0,0,214,2018-01-29 22:47:48,114,12,NA,41,NA,NA,38,NA,52,26,NA,54,13,348,66,220,"ADEL","CD_T10","Adelaide Crows","Crows"
11,4,49,14,27,41,12,135,74.6,390,1707,NA,13,18,64.5,11,34.5,20,164,45,58,68,0,0,0,0,0,0,226,2018-01-29 22:47:52,114,15,NA,36,NA,NA,33,NA,53.4,31,NA,51,7,393,63,258,"GEEL","CD_T70","Geelong Cats","Cats",9,7,60,17,19,36,10,133,72.7,352,1481,NA,18,13,59.1,8,28.3,13,153,35,46,63,0,0,0,0,0,0,199,2018-01-29 22:47:52,95,11,NA,41,NA,NA,37,NA,47.8,22,NA,53,3,354,68,221,"RICH","CD_T120","Richmond","Tigers"
9,2,38,12,19,31,11,137,72.2,334,1552,NA,18,23,60,8,33.3,15,119,47,45,65,0,0,0,0,0,0,215,2018-01-29 22:47:58,94,11,NA,40,NA,NA,36,NA,55.6,25,NA,68,10,328,56,191,"FRE","CD_T60","Fremantle","Freo",12,6,60,5,38,43,10,139,71.3,349,1471,NA,23,18,35,6,15.6,7,158,37,45,56,0,0,0,0,0,0,191,2018-01-29 22:47:58,82,11,NA,46,NA,NA,30,NA,44.4,20,NA,74,11,350,64,211,"GCFC","CD_T1000","Gold Coast Suns","Suns"
7,4,45,13,22,35,5,147,69.7,356,1418,NA,18,27,53.3,4,17.8,8,174,35,45,63,0,0,0,0,0,0,182,2018-01-29 22:48:01,67,4,NA,40,NA,NA,33,NA,33.3,15,NA,65,16,356,69,209,"BL","CD_T20","Brisbane Lions","Lions",13,13,46,13,26,39,11,145,73.7,377,1588,NA,27,18,56.7,11,33.3,17,174,50,51,69,0,0,0,0,0,0,203,2018-01-29 22:48:01,83,19,NA,48,NA,NA,36,NA,58.8,30,NA,70,6,375,63,230,"SYD","CD_T160","Sydney Swans","Swans"
12,11,46,10,27,37,6,122,62.2,270,1226,NA,16,26,30.8,3,20,8,103,30,40,59,0,0,0,0,0,0,167,2018-01-29 22:48:05,65,7,NA,43,NA,NA,32,NA,65,26,NA,64,11,267,65,145,"MELB","CD_T90","Melbourne","Demons",13,23,50,11,26,37,22,156,73.3,378,1738,NA,26,16,58.1,12,35.3,18,152,60,51,65,0,0,0,0,0,0,226,2018-01-29 22:48:05,107,17,NA,31,NA,NA,31,NA,60.8,31,NA,79,13,372,57,216,"CARL","CD_T30","Carlton","Blues"
7,6,47,19,30,49,14,158,65.7,318,1280,NA,24,11,50,6,18.9,10,142,40,53,57,0,0,0,0,0,0,176,2018-01-29 22:48:11,54,3,NA,45,NA,NA,31,NA,37.7,20,NA,65,12,316,71,158,"WB","CD_T140","Western Bulldogs","Bulldogs",11,19,35,13,27,40,18,143,72.7,370,1823,NA,11,24,61.8,16,40.4,21,134,57,52,71,0,0,0,0,0,0,236,2018-01-29 22:48:11,114,18,NA,49,NA,NA,41,NA,65.4,34,NA,80,4,368,57,225,"WCE","CD_T150","West Coast Eagles","Eagles"
19,3,44,17,24,41,11,139,71.1,367,1633,NA,15,16,35.5,8,20.4,11,141,34,54,65,0,0,0,0,0,0,226,2018-01-29 22:48:15,105,15,NA,40,NA,NA,30,NA,57.4,31,NA,67,15,370,65,231,"ESS","CD_T50","Essendon","Bombers",11,8,42,12,10,22,11,135,70.8,360,1592,NA,16,15,56.7,9,36.2,17,165,30,47,65,0,0,0,0,0,0,195,2018-01-29 22:48:15,105,14,NA,50,NA,NA,43,NA,63.8,30,NA,63,9,361,65,226,"GEEL","CD_T70","Geelong Cats","Cats"
6,12,40,17,14,31,12,123,79.8,371,1777,NA,21,15,75,12,40,18,118,44,45,55,0,0,0,0,0,0,253,2018-01-29 22:48:20,148,18,NA,22,NA,NA,33,NA,53.3,24,NA,57,8,374,50,251,"RICH","CD_T120","Richmond","Tigers",13,9,47,12,26,38,10,119,70.4,318,1319,NA,15,21,45.5,6,22.7,10,158,33,44,50,0,0,0,0,0,0,160,2018-01-29 22:48:20,75,15,NA,30,NA,NA,26,NA,50,22,NA,54,6,320,54,201,"PORT","CD_T110","Port Adelaide","Power"
6,9,55,11,31,42,7,154,64,308,1349,NA,22,21,70.8,10,37,17,125,59,46,77,0,0,0,0,0,0,183,2018-01-29 22:48:23,52,11,NA,52,NA,NA,40,NA,52.2,24,NA,68,7,308,74,154,"WCE","CD_T150","West Coast Eagles","Eagles",10,9,45,18,23,41,10,154,66.8,374,1633,NA,21,22,52.2,7,23.1,12,151,41,52,74,0,0,0,0,0,0,223,2018-01-29 22:48:23,100,6,NA,49,NA,NA,28,NA,44.2,23,NA,70,12,363,76,209,"BL","CD_T20","Brisbane Lions","Lions"
19,12,50,12,25,37,19,155,76.5,349,1607,NA,26,21,51.2,11,37.3,22,134,37,59,69,0,0,0,0,0,0,215,2018-01-29 22:48:29,93,19,NA,40,NA,NA,30,NA,72.9,43,NA,71,19,348,54,193,"NMFC","CD_T100","North Melbourne","Kangaroos",7,7,48,23,15,38,18,135,72.8,287,1331,NA,21,26,68.2,10,33.3,15,128,41,45,55,0,0,0,0,0,0,159,2018-01-29 22:48:29,59,8,NA,40,NA,NA,36,NA,48.9,22,NA,80,11,287,68,152,"WB","CD_T140","Western Bulldogs","Bulldogs"
10,10,39,12,32,44,10,138,69.7,343,1547,NA,11,21,57.1,11,23.5,12,145,37,51,56,0,0,0,0,0,0,198,2018-01-29 22:48:31,84,17,NA,43,NA,NA,33,NA,41.2,21,NA,76,13,338,62,200,"SYD","CD_T160","Sydney Swans","Swans",11,4,50,18,23,41,8,149,72.5,400,1736,NA,21,11,62.1,15,34,18,167,53,53,62,0,0,0,0,0,0,233,2018-01-29 22:48:31,109,13,NA,41,NA,NA,38,NA,54.7,29,NA,64,12,404,56,255,"HAW","CD_T80","Hawthorn","Hawks"
13,10,54,14,23,37,14,136,71.9,370,1638,NA,17,18,45.5,7,21.3,10,145,38,47,68,0,0,0,0,0,0,225,2018-01-29 22:48:38,117,9,NA,44,NA,NA,29,NA,46.8,22,NA,61,10,370,81,234,"COLL","CD_T40","Collingwood","Magpies",10,5,51,8,14,22,6,134,70.8,370,1619,NA,18,17,53.6,13,34.1,15,147,29,44,82,0,0,0,0,0,0,223,2018-01-29 22:48:38,104,12,NA,39,NA,NA,35,NA,63.6,28,NA,63,9,371,67,237,"FRE","CD_T60","Fremantle","Freo"
13,11,26,22,16,38,19,132,81.1,435,1927,NA,7,19,69,20,43.3,29,181,26,67,59,0,0,0,0,0,0,254,2018-01-29 22:48:40,148,32,NA,42,NA,NA,35,NA,62.7,42,NA,37,2,435,53,303,"ADEL","CD_T10","Adelaide Crows","Crows",10,7,46,16,13,29,8,103,75.6,320,1322,NA,19,7,31.8,4,16.7,7,131,39,42,53,0,0,0,0,0,0,189,2018-01-29 22:48:40,104,7,NA,31,NA,NA,36,NA,52.4,22,NA,35,3,320,59,217,"GWS","CD_T1010","GWS Giants","Giants"
18,19,42,9,29,38,15,157,74.4,410,1783,NA,19,29,40,10,28.1,16,175,40,57,70,0,0,0,0,0,0,235,2018-01-29 22:48:46,106,12,NA,50,NA,NA,35,NA,70.2,40,NA,71,11,413,52,256,"GCFC","CD_T1000","Gold Coast Suns","Suns",12,10,53,10,28,38,7,121,69.9,309,1199,NA,29,19,31.8,5,16.3,7,131,42,43,53,0,0,0,0,0,0,178,2018-01-29 22:48:46,73,6,NA,44,NA,NA,40,NA,51.2,22,NA,39,5,306,69,185,"MELB","CD_T90","Melbourne","Demons"
14,15,34,14,30,44,12,134,63.9,305,1347,NA,13,12,39.1,7,17.6,9,130,55,51,56,0,0,0,0,0,0,175,2018-01-29 22:48:48,74,12,NA,40,NA,NA,30,NA,45.1,23,NA,61,15,300,63,166,"CARL","CD_T30","Carlton","Blues",11,21,45,5,28,33,16,147,70.6,388,1748,NA,12,13,37.9,8,26.8,11,171,29,41,63,0,0,0,0,0,0,217,2018-01-29 22:48:48,116,9,NA,36,NA,NA,41,NA,70.7,29,NA,81,8,389,56,242,"STK","CD_T130","St Kilda","Saints"
10,18,49,12,22,34,20,121,77.7,314,1417,NA,21,17,56.5,11,26,13,98,27,50,50,0,0,0,0,0,0,216,2018-01-29 22:48:53,112,10,NA,28,NA,NA,38,NA,46,23,NA,42,6,310,58,189,"NMFC","CD_T100","North Melbourne","Kangaroos",18,7,32,12,19,31,19,126,70,287,1413,NA,17,21,33.3,7,24,12,93,46,50,58,0,0,0,0,0,0,194,2018-01-29 22:48:53,93,17,NA,43,NA,NA,35,NA,72,36,NA,65,7,291,50,165,"WCE","CD_T150","West Coast Eagles","Eagles"
12,7,41,9,22,31,12,120,73.2,325,1591,NA,14,11,50,8,35.9,14,109,45,39,63,0,0,0,0,0,0,216,2018-01-29 22:48:56,109,14,NA,58,NA,NA,49,NA,71.8,28,NA,72,4,310,59,190,"BL","CD_T20","Brisbane Lions","Lions",14,4,44,18,28,46,16,146,72.1,398,1614,NA,11,14,37.5,8,19.7,12,176,42,61,60,0,0,0,0,0,0,222,2018-01-29 22:48:56,97,11,NA,41,NA,NA,24,NA,52.5,32,NA,49,14,395,62,249,"ESS","CD_T50","Essendon","Bombers"
3,3,56,11,26,37,2,129,69.9,329,1440,NA,24,28,52.9,5,26.5,9,139,38,34,58,0,0,0,0,0,0,190,2018-01-29 22:49:02,71,7,NA,36,NA,NA,38,NA,50,17,NA,82,9,322,65,193,"GWS","CD_T1010","GWS Giants","Giants",14,8,44,15,30,45,8,151,74,407,1641,NA,28,24,55.3,14,35,21,194,52,60,66,0,0,0,0,0,0,213,2018-01-29 22:49:02,86,25,NA,47,NA,NA,24,NA,63.3,38,NA,56,14,410,56,259,"HAW","CD_T80","Hawthorn","Hawks"
13,13,36,11,14,25,17,138,73.6,397,1506,NA,18,19,33.3,5,15.7,8,191,42,51,68,0,0,0,0,0,0,206,2018-01-29 22:49:06,90,9,NA,42,NA,NA,40,NA,47.1,24,NA,42,11,393,63,255,"WB","CD_T140","Western Bulldogs","Bulldogs",15,20,39,9,24,33,19,127,74.3,334,1497,NA,19,18,43.3,9,24.1,13,120,18,54,63,0,0,0,0,0,0,214,2018-01-29 22:49:06,109,19,NA,28,NA,NA,43,NA,55.6,30,NA,54,6,331,68,204,"GCFC","CD_T1000","Gold Coast Suns","Suns"
12,0,47,13,13,26,13,146,71.6,359,1536,NA,12,22,51.9,12,29.2,14,157,39,48,68,0,0,0,0,0,0,202,2018-01-29 22:49:10,93,11,NA,51,NA,NA,43,NA,56.3,27,NA,54,4,362,65,216,"GEEL","CD_T70","Geelong Cats","Cats",12,5,54,16,23,39,14,138,71.7,378,1619,NA,22,12,51.7,12,25.4,15,158,34,59,65,0,0,0,0,0,0,220,2018-01-29 22:49:10,103,11,NA,50,NA,NA,34,NA,49.2,29,NA,63,12,381,68,243,"COLL","CD_T40","Collingwood","Magpies"
16,8,39,14,26,40,16,150,71.3,352,1596,NA,19,14,33.3,6,14.8,9,142,39,61,72,0,0,0,0,0,0,210,2018-01-29 22:49:13,100,13,NA,47,NA,NA,35,NA,44.3,27,NA,79,23,357,60,207,"FRE","CD_T60","Fremantle","Freo",4,10,45,7,30,37,18,144,74.2,387,1733,NA,14,19,61.1,7,23.4,11,183,51,47,60,0,0,0,0,0,0,204,2018-01-29 22:49:13,99,12,NA,52,NA,NA,51,NA,38.3,18,NA,90,16,385,72,241,"SYD","CD_T160","Sydney Swans","Swans"
7,11,47,11,25,36,10,124,69.3,313,1419,NA,22,24,63.6,9,35,14,143,41,40,58,0,0,0,0,0,0,170,2018-01-29 22:49:19,67,7,NA,34,NA,NA,36,NA,55,22,NA,83,10,311,63,187,"PORT","CD_T110","Port Adelaide","Power",13,14,45,11,28,39,14,153,73.4,354,1583,NA,24,22,50,13,29.6,16,146,42,54,64,0,0,0,0,0,0,208,2018-01-29 22:49:19,86,19,NA,44,NA,NA,25,NA,59.3,32,NA,77,13,355,58,202,"CARL","CD_T30","Carlton","Blues"
6,5,51,11,18,29,10,112,71.5,270,1312,NA,23,21,50,8,32.4,11,100,57,34,50,0,0,0,0,0,0,170,2018-01-29 22:49:21,83,11,NA,39,NA,NA,36,NA,64.7,22,NA,68,5,268,53,156,"MELB","CD_T90","Melbourne","Demons",16,17,46,10,35,45,12,120,74.4,375,1754,NA,21,23,42.9,11,28.3,15,132,36,53,54,0,0,0,0,0,0,243,2018-01-29 22:49:21,133,18,NA,43,NA,NA,23,NA,66,35,NA,65,5,370,49,250,"RICH","CD_T120","Richmond","Tigers"
11,16,40,6,16,22,4,106,74.3,350,1418,NA,13,13,35.3,5,14.6,6,145,19,41,54,0,0,0,0,0,0,205,2018-01-29 22:49:28,103,10,NA,37,NA,NA,37,NA,41.5,17,NA,41,4,346,59,240,"STK","CD_T130","St Kilda","Saints",15,16,32,14,13,27,14,113,75.6,377,1725,NA,13,13,44.4,11,24.5,12,131,35,49,59,0,0,0,0,0,0,246,2018-01-29 22:49:28,147,17,NA,35,NA,NA,35,NA,55.1,27,NA,47,5,376,54,263,"ADEL","CD_T10","Adelaide Crows","Crows"
12,11,53,10,26,36,13,145,71.7,389,1670,NA,20,9,45.5,11,33.3,15,181,42,45,73,0,0,0,0,0,0,208,2018-01-29 22:49:30,93,16,NA,54,NA,NA,45,NA,73.3,33,NA,78,11,391,66,246,"SYD","CD_T160","Sydney Swans","Swans",7,13,38,10,22,32,11,142,66.3,362,1595,NA,9,20,44.4,5,14.8,8,169,33,54,66,0,0,0,0,0,0,193,2018-01-29 22:49:30,79,10,NA,50,NA,NA,30,NA,33.3,18,NA,90,18,351,73,209,"COLL","CD_T40","Collingwood","Magpies"
8,10,28,12,14,26,10,128,76.8,384,1645,NA,14,17,58.1,12,35.3,18,171,42,51,64,0,0,0,0,0,0,213,2018-01-29 22:49:37,101,13,NA,35,NA,NA,36,NA,60.8,31,NA,57,8,381,57,253,"GEEL","CD_T70","Geelong Cats","Cats",14,13,43,14,21,35,12,135,73.2,373,1495,NA,17,14,32.1,9,19.1,9,175,30,47,57,0,0,0,0,0,0,198,2018-01-29 22:49:37,90,17,NA,31,NA,NA,33,NA,59.6,28,NA,55,6,373,64,238,"PORT","CD_T110","Port Adelaide","Power"
17,15,47,23,29,52,10,152,70.9,392,1843,NA,14,22,50,17,36.5,23,158,55,63,65,0,0,0,0,0,0,234,2018-01-29 22:49:39,109,25,NA,43,NA,NA,32,NA,73,46,NA,77,15,389,61,237,"WCE","CD_T150","West Coast Eagles","Eagles",7,4,49,9,25,34,6,124,70.4,338,1359,NA,22,14,44.4,8,19,8,159,22,42,61,0,0,0,0,0,0,179,2018-01-29 22:49:39,81,4,NA,38,NA,NA,40,NA,42.9,18,NA,59,12,340,64,216,"GWS","CD_T1010","GWS Giants","Giants"
8,25,49,19,23,42,4,138,73.9,368,1542,NA,27,24,68,11,32.1,17,171,49,53,47,0,0,0,0,0,0,197,2018-01-29 22:49:45,77,11,NA,38,NA,NA,24,NA,47.2,25,NA,69,10,368,53,230,"WB","CD_T140","Western Bulldogs","Bulldogs",11,13,47,8,19,27,11,113,75.1,317,1468,NA,24,27,57.7,11,38.5,15,133,36,39,55,0,0,0,0,0,0,184,2018-01-29 22:49:45,90,15,NA,39,NA,NA,35,NA,66.7,26,NA,72,6,321,47,208,"STK","CD_T130","St Kilda","Saints"
20,8,41,11,29,40,16,153,70.3,344,1488,NA,14,15,39.4,8,22.4,13,126,49,58,61,0,0,0,0,0,0,218,2018-01-29 22:49:53,102,19,NA,47,NA,NA,30,NA,56.9,33,NA,39,6,342,53,189,"CARL","CD_T30","Carlton","Blues",13,11,35,13,22,35,8,113,70.1,294,1340,NA,15,14,41.4,9,27.9,12,118,28,43,53,0,0,0,0,0,0,176,2018-01-29 22:49:53,86,12,NA,50,NA,NA,45,NA,67.4,29,NA,59,9,296,61,183,"BL","CD_T20","Brisbane Lions","Lions"
13,5,34,17,22,39,13,132,76,383,1689,NA,18,14,43.3,10,22,13,149,42,59,62,0,0,0,0,0,0,234,2018-01-29 22:49:47,116,8,NA,30,NA,NA,31,NA,50.8,30,NA,62,15,386,61,254,"ESS","CD_T50","Essendon","Bombers",8,13,37,7,21,28,11,136,72.5,375,1509,NA,14,18,42.9,8,22.5,9,164,21,40,61,0,0,0,0,0,0,211,2018-01-29 22:49:47,99,12,NA,50,NA,NA,43,NA,52.5,21,NA,48,3,382,62,246,"RICH","CD_T120","Richmond","Tigers"
8,18,36,9,25,34,8,134,75.9,374,1524,NA,14,15,63.6,9,33.3,14,175,28,42,63,0,0,0,0,0,0,199,2018-01-29 22:49:56,80,4,NA,57,NA,NA,52,NA,52.4,22,NA,61,10,364,56,230,"GCFC","CD_T1000","Gold Coast Suns","Suns",10,10,47,20,27,47,13,157,76.3,448,1850,NA,15,14,51.4,13,25.7,18,220,59,70,56,0,0,0,0,0,0,228,2018-01-29 22:49:56,100,20,NA,50,NA,NA,28,NA,50,35,NA,70,11,453,63,296,"HAW","CD_T80","Hawthorn","Hawks"
17,14,43,18,11,29,7,137,71.8,351,1449,NA,17,13,48.6,13,34,18,148,25,53,64,0,0,0,0,0,0,203,2018-01-29 22:50:02,84,14,NA,38,NA,NA,32,NA,69.8,37,NA,45,6,348,57,211,"ADEL","CD_T10","Adelaide Crows","Crows",10,8,37,20,19,39,10,132,73.7,342,1601,NA,13,17,65.5,13,37.3,19,141,46,51,57,0,0,0,0,0,0,201,2018-01-29 22:50:02,100,16,NA,45,NA,NA,34,NA,56.9,29,NA,67,15,343,64,211,"NMFC","CD_T100","North Melbourne","Kangaroos"
4,3,41,9,19,28,4,109,72.9,306,1386,NA,13,13,50,3,24,6,141,50,25,53,0,0,0,0,0,0,165,2018-01-29 22:50:06,83,3,NA,36,NA,NA,34,NA,48,12,NA,74,5,306,60,197,"MELB","CD_T90","Melbourne","Demons",16,16,41,12,28,40,10,150,76,471,2138,NA,13,13,50,13,35.2,19,185,33,54,61,0,0,0,0,0,0,286,2018-01-29 22:50:06,167,24,NA,43,NA,NA,19,NA,70.4,38,NA,68,9,484,53,334,"FRE","CD_T60","Fremantle","Freo"
16,15,50,14,27,41,10,143,75.2,435,1793,NA,17,16,40,11,21.9,14,205,51,64,72,0,0,0,0,0,0,230,2018-01-29 22:50:09,103,10,NA,36,NA,NA,35,NA,54.7,35,NA,67,13,434,67,291,"COLL","CD_T40","Collingwood","Magpies",9,4,52,8,22,30,8,122,70.9,292,1280,NA,16,17,38.9,7,16.3,7,112,27,43,67,0,0,0,0,0,0,180,2018-01-29 22:50:09,75,9,NA,49,NA,NA,50,NA,41.9,18,NA,61,5,289,71,167,"BL","CD_T20","Brisbane Lions","Lions"
6,5,45,14,23,37,5,122,69.6,355,1489,NA,15,15,61.5,7,20.5,8,157,36,39,69,0,0,0,0,0,0,198,2018-01-29 22:50:15,95,5,NA,49,NA,NA,41,NA,33.3,13,NA,59,6,355,75,233,"GWS","CD_T1010","GWS Giants","Giants",16,19,44,14,30,44,13,155,73.4,395,1765,NA,15,15,57.9,15,34.4,22,161,50,64,76,0,0,0,0,0,0,234,2018-01-29 22:50:15,103,17,NA,49,NA,NA,31,NA,59.4,38,NA,66,14,399,69,244,"CARL","CD_T30","Carlton","Blues"
6,4,57,6,38,44,6,173,60.1,351,1532,NA,26,16,50,5,22.7,10,121,38,44,84,0,0,0,0,0,0,230,2018-01-29 22:50:18,74,5,NA,47,NA,NA,43,NA,45.5,20,NA,84,11,333,85,160,"FRE","CD_T60","Fremantle","Freo",11,0,50,13,34,47,5,181,59.7,355,1524,NA,16,26,38.1,4,15.4,8,131,61,52,84,0,0,0,0,0,0,224,2018-01-29 22:50:18,60,8,NA,48,NA,NA,33,NA,40.4,21,NA,78,9,343,84,162,"ADEL","CD_T10","Adelaide Crows","Crows"
11,2,38,16,36,52,6,165,57.9,349,1505,NA,7,13,37,5,16.4,10,121,69,61,71,0,0,0,0,0,0,228,2018-01-29 22:50:24,65,10,NA,55,NA,NA,38,NA,44.3,27,NA,63,15,325,65,160,"ESS","CD_T50","Essendon","Bombers",13,2,48,14,56,70,5,181,63.9,388,1576,NA,13,7,51.5,10,30.4,17,153,59,56,65,0,0,0,0,0,0,235,2018-01-29 22:50:24,49,6,NA,71,NA,NA,51,NA,58.9,33,NA,69,14,370,71,189,"SYD","CD_T160","Sydney Swans","Swans"
11,9,45,18,28,46,9,147,71.3,352,1456,NA,13,8,45.5,7,23.3,10,156,40,43,63,0,0,0,0,0,0,196,2018-01-29 22:50:27,68,12,NA,55,NA,NA,43,NA,51.2,22,NA,68,9,351,77,204,"GCFC","CD_T1000","Gold Coast Suns","Suns",15,12,34,9,22,31,21,152,70.9,375,1619,NA,8,13,51.4,14,29.5,18,161,31,61,77,0,0,0,0,0,0,214,2018-01-29 22:50:27,92,19,NA,47,NA,NA,32,NA,57.4,35,NA,59,8,373,63,221,"GEEL","CD_T70","Geelong Cats","Cats"
10,6,44,9,32,41,5,154,64.5,341,1519,NA,19,17,36.4,5,15.7,8,143,38,51,89,0,0,0,0,0,0,198,2018-01-29 22:50:33,65,15,NA,64,NA,NA,34,NA,43.1,22,NA,97,21,348,82,194,"PORT","CD_T110","Port Adelaide","Power",7,1,45,10,41,51,4,186,63.9,382,1586,NA,17,19,58.8,7,22.7,10,176,62,44,82,0,0,0,0,0,0,206,2018-01-29 22:50:33,53,4,NA,58,NA,NA,43,NA,38.6,17,NA,90,16,384,89,198,"WB","CD_T140","Western Bulldogs","Bulldogs"
17,10,36,15,27,42,13,163,74.9,419,1652,NA,13,13,52.5,14,32.8,21,201,43,64,65,0,0,0,0,0,0,218,2018-01-29 22:50:36,76,12,NA,58,NA,NA,33,NA,62.5,40,NA,52,4,419,50,256,"HAW","CD_T80","Hawthorn","Hawks",12,7,37,12,26,38,12,118,73.6,329,1524,NA,13,13,31.6,5,15,6,140,52,40,50,0,0,0,0,0,0,189,2018-01-29 22:50:36,101,6,NA,56,NA,NA,42,NA,47.5,19,NA,75,8,323,65,205,"MELB","CD_T90","Melbourne","Demons"
5,17,45,9,27,36,9,112,71.1,291,1216,NA,24,11,62.5,8,30.3,10,123,39,33,48,0,0,0,0,0,0,168,2018-01-29 22:50:41,69,6,NA,36,NA,NA,35,NA,48.5,16,NA,54,9,287,53,175,"STK","CD_T130","St Kilda","Saints",19,31,29,18,25,43,13,148,74.9,415,1879,NA,11,24,50,13,35.2,19,160,58,54,53,0,0,0,0,0,0,255,2018-01-29 22:50:41,136,17,NA,40,NA,NA,23,NA,70.4,38,NA,51,1,416,48,268,"NMFC","CD_T100","North Melbourne","Kangaroos"
7,11,37,13,32,45,13,130,73.5,351,1578,NA,16,9,64,12,34,16,137,27,47,51,0,0,0,0,0,0,214,2018-01-29 22:50:44,97,10,NA,42,NA,NA,38,NA,53.2,25,NA,70,11,341,55,211,"RICH","CD_T120","Richmond","Tigers",14,8,34,10,31,41,12,144,70.7,324,1549,NA,9,16,40,5,16.7,8,128,81,48,55,0,0,0,0,0,0,196,2018-01-29 22:50:44,79,10,NA,38,NA,NA,30,NA,41.7,20,NA,84,14,318,51,174,"WCE","CD_T150","West Coast Eagles","Eagles"
12,14,33,12,26,38,24,135,72.3,365,1643,NA,8,9,37,6,18.9,10,130,40,53,68,0,0,0,0,0,0,235,2018-01-29 22:50:50,115,15,NA,37,NA,NA,33,NA,50.9,27,NA,59,8,358,66,223,"CARL","CD_T30","Carlton","Blues",11,11,35,5,30,35,20,125,73.1,361,1520,NA,9,8,40.7,8,25,11,147,37,44,66,0,0,0,0,0,0,214,2018-01-29 22:50:50,103,12,NA,48,NA,NA,43,NA,61.4,27,NA,45,3,357,68,232,"ESS","CD_T50","Essendon","Bombers"
13,3,31,13,31,44,14,142,73.2,365,1738,NA,14,17,63.2,21,44.4,24,182,53,54,56,0,0,0,0,0,0,183,2018-01-29 22:50:52,92,18,NA,33,NA,NA,32,NA,70.4,38,NA,91,18,368,52,226,"GEEL","CD_T70","Geelong Cats","Cats",8,4,43,20,25,45,5,141,69.3,329,1534,NA,17,14,65.2,10,31.9,15,130,48,47,52,0,0,0,0,0,0,199,2018-01-29 22:50:52,80,10,NA,33,NA,NA,30,NA,48.9,23,NA,82,14,327,56,186,"GWS","CD_T1010","GWS Giants","Giants"
13,17,36,12,21,33,8,160,71.2,410,1773,NA,12,13,54.3,12,29.2,19,196,37,65,73,0,0,0,0,0,0,214,2018-01-29 22:50:58,86,17,NA,51,NA,NA,35,NA,53.8,35,NA,85,9,407,69,247,"SYD","CD_T160","Sydney Swans","Swans",14,16,40,12,20,32,4,161,66.6,410,1608,NA,13,12,28.6,4,14,6,205,33,43,69,0,0,0,0,0,0,205,2018-01-29 22:50:58,77,8,NA,46,NA,NA,45,NA,48.8,21,NA,74,7,411,73,250,"ADEL","CD_T10","Adelaide Crows","Crows"
3,12,49,7,33,40,4,161,57.1,301,1431,NA,12,17,57.1,3,19,8,115,61,42,69,0,0,0,0,0,0,186,2018-01-29 22:51:00,42,4,NA,64,NA,NA,56,NA,33.3,14,NA,106,9,291,78,130,"NMFC","CD_T100","North Melbourne","Kangaroos",12,4,44,12,43,55,7,191,62.7,378,1612,NA,17,12,42.9,7,13.6,9,165,41,66,78,0,0,0,0,0,0,213,2018-01-29 22:51:00,57,6,NA,44,NA,NA,33,NA,31.8,21,NA,101,31,376,69,185,"GCFC","CD_T1000","Gold Coast Suns","Suns"
12,3,43,12,30,42,9,123,72,336,1442,NA,14,22,54.5,7,24,12,135,57,50,49,0,0,0,0,0,0,201,2018-01-29 22:51:04,96,13,NA,38,NA,NA,38,NA,44,22,NA,40,4,331,56,208,"WCE","CD_T150","West Coast Eagles","Eagles",14,12,49,7,26,33,13,118,75.4,321,1450,NA,22,14,45.8,8,22.4,11,121,23,49,56,0,0,0,0,0,0,200,2018-01-29 22:51:04,87,17,NA,32,NA,NA,38,NA,49,24,NA,74,19,314,49,196,"STK","CD_T130","St Kilda","Saints"
20,20,38,14,21,35,12,139,74.9,430,1789,NA,12,21,43.6,13,25.8,17,204,20,66,77,0,0,0,0,0,0,226,2018-01-29 22:51:10,116,28,NA,34,NA,NA,29,NA,59.1,39,NA,57,11,430,69,291,"COLL","CD_T40","Collingwood","Magpies",9,10,56,8,14,22,8,118,70.1,341,1303,NA,21,12,27.8,3,14.3,5,164,38,35,70,0,0,0,0,0,0,177,2018-01-29 22:51:10,82,6,NA,48,NA,NA,49,NA,51.4,18,NA,43,6,337,77,219,"MELB","CD_T90","Melbourne","Demons"
12,6,37,8,21,29,16,150,75.2,315,1355,NA,13,22,55.6,10,28.3,15,132,51,53,77,0,0,0,0,0,0,183,2018-01-29 22:51:18,62,17,NA,47,NA,NA,36,NA,50.9,27,NA,55,9,327,59,177,"HAW","CD_T80","Hawthorn","Hawks",9,11,44,18,34,52,9,136,72.5,334,1462,NA,22,13,52,10,26,13,129,44,50,59,0,0,0,0,0,0,205,2018-01-29 22:51:18,81,20,NA,44,NA,NA,38,NA,50,25,NA,67,7,335,77,199,"CARL","CD_T30","Carlton","Blues"
12,6,60,11,33,44,4,144,69.3,352,1479,NA,22,24,43.5,7,19.2,10,144,55,52,60,0,0,0,0,0,0,208,2018-01-29 22:51:24,82,3,NA,54,NA,NA,42,NA,44.2,23,NA,59,5,357,76,213,"ADEL","CD_T10","Adelaide Crows","Crows",14,10,48,14,26,40,5,130,72.8,353,1564,NA,24,22,48.5,8,27.1,16,133,32,59,76,0,0,0,0,0,0,220,2018-01-29 22:51:24,86,11,NA,48,NA,NA,42,NA,55.9,33,NA,72,12,348,59,218,"RICH","CD_T120","Richmond","Tigers"
10,9,50,7,22,29,15,125,73.6,345,1433,NA,21,16,33.3,4,14,6,143,34,43,62,0,0,0,0,0,0,202,2018-01-29 22:51:29,92,10,NA,49,NA,NA,35,NA,41.9,18,NA,58,3,339,60,214,"BL","CD_T20","Brisbane Lions","Lions",14,20,34,6,29,35,10,120,77.1,389,1723,NA,16,21,46.2,9,25,12,142,42,48,62,0,0,0,0,0,0,247,2018-01-29 22:51:29,135,11,NA,38,NA,NA,37,NA,54.2,26,NA,48,7,386,60,266,"FRE","CD_T60","Fremantle","Freo"
6,25,42,14,18,32,10,121,79.1,373,1467,NA,13,11,57.9,10,24.4,11,183,28,45,59,0,0,0,0,0,0,190,2018-01-29 22:51:32,89,11,NA,52,NA,NA,42,NA,42.2,19,NA,48,7,371,71,250,"GCFC","CD_T1000","Gold Coast Suns","Suns",13,12,35,16,12,28,18,145,78.8,463,1878,NA,11,13,56.7,13,28.8,17,211,27,59,71,0,0,0,0,0,0,252,2018-01-29 22:51:32,134,13,NA,46,NA,NA,32,NA,50.8,30,NA,44,12,464,59,319,"ESS","CD_T50","Essendon","Bombers"
11,12,46,10,34,44,8,144,74.7,450,1768,NA,15,12,55.9,13,28.4,19,226,43,67,77,0,0,0,0,0,0,224,2018-01-29 22:51:38,99,9,NA,45,NA,NA,34,NA,50.7,34,NA,53,16,446,74,302,"PORT","CD_T110","Port Adelaide","Power",14,18,42,12,25,37,9,137,69.7,379,1573,NA,12,15,33.3,6,14.6,6,172,38,41,74,0,0,0,0,0,0,207,2018-01-29 22:51:38,91,4,NA,37,NA,NA,48,NA,43.9,18,NA,67,8,381,77,244,"GWS","CD_T1010","GWS Giants","Giants"
11,7,35,13,23,36,9,134,75.6,397,1674,NA,10,8,40.9,8,19.1,9,174,38,47,66,0,0,0,0,0,0,223,2018-01-29 22:51:41,116,13,NA,47,NA,NA,37,NA,46.8,22,NA,57,4,405,66,271,"WB","CD_T140","Western Bulldogs","Bulldogs",9,22,35,11,27,38,10,132,70.3,394,1728,NA,8,10,51.7,8,28.3,15,184,37,53,66,0,0,0,0,0,0,210,2018-01-29 22:51:41,104,14,NA,44,NA,NA,38,NA,54.7,29,NA,74,10,390,66,258,"COLL","CD_T40","Collingwood","Magpies"
7,6,43,20,23,43,9,155,71.8,383,1680,NA,13,20,55.2,10,28.1,16,171,48,57,73,0,0,0,0,0,0,212,2018-01-29 22:51:53,94,14,NA,39,NA,NA,28,NA,50.9,29,NA,72,18,380,79,225,"WCE","CD_T150","West Coast Eagles","Eagles",9,8,46,9,28,37,11,156,68,334,1477,NA,20,13,61.3,14,38.8,19,137,32,49,79,0,0,0,0,0,0,197,2018-01-29 22:51:53,68,13,NA,60,NA,NA,41,NA,63.3,31,NA,75,9,331,72,175,"HAW","CD_T80","Hawthorn","Hawks"
6,2,63,10,38,48,3,163,54.5,330,1442,NA,22,18,53.3,5,18.6,8,137,51,43,78,0,0,0,0,0,0,193,2018-01-29 22:51:56,44,3,NA,48,NA,NA,42,NA,34.9,15,NA,100,31,311,90,148,"SYD","CD_T160","Sydney Swans","Swans",12,5,60,8,32,40,6,176,57.4,364,1629,NA,18,22,37,6,19.2,10,139,46,52,89,0,0,0,0,0,0,225,2018-01-29 22:51:56,66,13,NA,49,NA,NA,34,NA,51.9,27,NA,98,15,354,78,178,"PORT","CD_T110","Port Adelaide","Power"
9,10,54,10,18,28,9,120,75.1,366,1533,NA,16,22,47.6,7,21.7,10,161,41,46,68,0,0,0,0,0,0,205,2018-01-29 22:52:02,108,9,NA,46,NA,NA,28,NA,45.7,21,NA,47,7,364,67,244,"MELB","CD_T90","Melbourne","Demons",8,15,51,17,24,41,12,138,74.5,400,1588,NA,22,16,64,10,35.6,16,179,28,45,68,0,0,0,0,0,0,221,2018-01-29 22:52:02,99,14,NA,41,NA,NA,36,NA,55.6,25,NA,47,5,400,68,262,"STK","CD_T130","St Kilda","Saints"
19,13,42,12,18,30,18,146,71.5,344,1465,NA,18,14,51.5,13,27.9,17,125,33,61,69,0,0,0,0,0,0,219,2018-01-29 22:52:06,96,17,NA,45,NA,NA,37,NA,54.1,33,NA,39,9,337,53,191,"RICH","CD_T120","Richmond","Tigers",13,11,35,13,27,40,11,121,76.5,344,1475,NA,14,18,40,4,17.4,8,152,41,46,53,0,0,0,0,0,0,192,2018-01-29 22:52:06,91,11,NA,41,NA,NA,43,NA,43.5,20,NA,61,7,348,69,227,"WB","CD_T140","Western Bulldogs","Bulldogs"
5,0,49,6,27,33,5,139,71.5,347,1522,NA,20,21,22.2,3,11.1,4,150,52,36,70,0,0,0,0,0,0,197,2018-01-29 22:52:09,87,6,NA,39,NA,NA,36,NA,50,18,NA,82,10,347,75,208,"NMFC","CD_T100","North Melbourne","Kangaroos",7,5,49,8,26,34,8,146,70,363,1592,NA,21,20,47.6,6,21.3,10,145,39,47,75,0,0,0,0,0,0,218,2018-01-29 22:52:09,91,11,NA,51,NA,NA,31,NA,44.7,21,NA,78,12,361,69,215,"FRE","CD_T60","Fremantle","Freo"
14,5,39,16,15,31,16,141,76.6,380,1625,NA,17,20,51.9,11,22.6,14,159,32,62,73,0,0,0,0,0,0,221,2018-01-29 22:52:14,103,15,NA,37,NA,NA,39,NA,43.5,27,NA,59,12,377,69,236,"GEEL","CD_T70","Geelong Cats","Cats",13,6,46,14,25,39,19,155,70.6,367,1466,NA,20,17,51.7,13,27.8,15,171,42,54,69,0,0,0,0,0,0,196,2018-01-29 22:52:14,70,11,NA,56,NA,NA,47,NA,53.7,29,NA,56,11,365,73,210,"BL","CD_T20","Brisbane Lions","Lions"
8,6,37,16,30,46,12,144,67.6,346,1532,NA,16,11,68.2,8,31.3,15,133,41,48,66,0,0,0,0,0,0,213,2018-01-29 22:52:23,91,8,NA,56,NA,NA,35,NA,45.8,22,NA,63,4,346,76,202,"ESS","CD_T50","Essendon","Bombers",13,5,38,14,23,37,19,157,71,383,1649,NA,11,16,52,7,26.5,13,154,38,49,76,0,0,0,0,0,0,229,2018-01-29 22:52:23,98,12,NA,46,NA,NA,33,NA,51,25,NA,62,8,380,66,223,"WCE","CD_T150","West Coast Eagles","Eagles"
13,2,53,9,37,46,15,160,50.8,307,1432,NA,16,12,23.8,3,8.9,5,89,52,56,88,0,0,0,0,0,0,218,2018-01-29 22:52:29,47,6,NA,53,NA,NA,47,NA,37.5,21,NA,100,16,273,90,113,"CARL","CD_T30","Carlton","Blues",17,3,45,7,41,48,4,190,52.9,346,1519,NA,12,16,33.3,4,14.5,8,114,53,55,90,0,0,0,0,0,0,232,2018-01-29 22:52:29,39,7,NA,67,NA,NA,51,NA,43.6,24,NA,95,15,329,88,139,"SYD","CD_T160","Sydney Swans","Swans"
15,7,37,15,19,34,16,141,77.2,408,1749,NA,12,12,53.3,13,28.1,16,164,44,57,66,0,0,0,0,0,0,244,2018-01-29 22:52:32,126,14,NA,48,NA,NA,48,NA,52.6,30,NA,45,4,404,72,263,"ADEL","CD_T10","Adelaide Crows","Crows",17,18,35,16,18,34,15,140,75.8,376,1407,NA,12,12,37.9,8,18.6,11,191,20,59,72,0,0,0,0,0,0,185,2018-01-29 22:52:32,69,9,NA,51,NA,NA,39,NA,49.2,29,NA,46,7,372,66,232,"GCFC","CD_T1000","Gold Coast Suns","Suns"
9,10,49,9,17,26,5,135,71.8,404,1641,NA,18,13,41.2,6,18.4,7,195,28,38,75,0,0,0,0,0,0,209,2018-01-29 22:52:38,98,15,NA,42,NA,NA,38,NA,44.7,17,NA,73,4,405,71,270,"COLL","CD_T40","Collingwood","Magpies",8,10,40,11,28,39,10,147,69.7,419,1754,NA,13,18,50,10,24.1,13,184,30,54,71,0,0,0,0,0,0,235,2018-01-29 22:52:38,102,6,NA,42,NA,NA,30,NA,48.1,26,NA,70,10,417,75,270,"PORT","CD_T110","Port Adelaide","Power"
2,7,47,7,28,35,5,123,73.1,316,1451,NA,18,19,87.5,6,21.9,7,125,33,32,66,0,0,0,0,0,0,191,2018-01-29 22:52:40,86,4,NA,44,NA,NA,47,NA,25,8,NA,82,7,311,88,188,"FRE","CD_T60","Fremantle","Freo",19,0,49,12,26,38,16,185,69.1,418,1721,NA,19,18,32.4,5,18.6,11,194,40,59,88,0,0,0,0,0,0,224,2018-01-29 22:52:40,85,13,NA,46,NA,NA,25,NA,57.6,34,NA,80,23,418,65,233,"GEEL","CD_T70","Geelong Cats","Cats"
10,5,54,18,30,48,14,164,68.8,340,1441,NA,24,16,55.6,10,29.4,15,155,54,51,63,0,0,0,0,0,0,185,2018-01-29 22:52:46,58,13,NA,56,NA,NA,40,NA,52.9,27,NA,76,16,342,69,178,"WB","CD_T140","Western Bulldogs","Bulldogs",13,15,43,10,27,37,14,134,75.7,345,1623,NA,16,24,55.6,9,26.8,15,135,38,56,69,0,0,0,0,0,0,210,2018-01-29 22:52:46,94,9,NA,48,NA,NA,35,NA,48.2,27,NA,81,12,342,63,208,"MELB","CD_T90","Melbourne","Demons"
13,5,48,22,22,44,10,154,70.3,317,1348,NA,22,12,48,6,21.4,12,140,39,56,60,0,0,0,0,0,0,177,2018-01-29 22:52:48,61,5,NA,63,NA,NA,35,NA,44.6,25,NA,71,12,328,75,174,"BL","CD_T20","Brisbane Lions","Lions",17,3,34,12,25,37,14,162,70,347,1586,NA,12,22,55.3,14,37.5,21,125,40,56,75,0,0,0,0,0,0,222,2018-01-29 22:52:48,75,16,NA,68,NA,NA,42,NA,67.9,38,NA,69,12,344,60,182,"HAW","CD_T80","Hawthorn","Hawks"
8,17,52,8,13,21,6,98,74.1,324,1379,NA,20,14,46.2,3,23.1,6,123,39,26,49,0,0,0,0,0,0,201,2018-01-29 22:52:54,115,6,NA,32,NA,NA,30,NA,50,13,NA,37,2,323,51,225,"GWS","CD_T1010","GWS Giants","Giants",16,14,35,14,24,38,14,116,79,386,1715,NA,14,20,47.5,14,38.8,19,162,30,49,51,0,0,0,0,0,0,224,2018-01-29 22:52:54,127,24,NA,26,NA,NA,19,NA,81.6,40,NA,50,12,385,49,269,"NMFC","CD_T100","North Melbourne","Kangaroos"
7,8,61,13,20,33,8,119,69.3,326,1393,NA,25,14,47.1,5,25.8,8,131,36,31,60,0,0,0,0,0,0,195,2018-01-29 22:52:56,92,9,NA,40,NA,NA,53,NA,54.8,17,NA,60,5,324,64,205,"STK","CD_T130","St Kilda","Saints",17,11,41,13,28,41,11,142,67.8,367,1635,NA,14,25,48.6,8,24.3,17,128,48,70,64,0,0,0,0,0,0,239,2018-01-29 22:52:56,104,22,NA,43,NA,NA,23,NA,50,35,NA,50,14,360,58,218,"RICH","CD_T120","Richmond","Tigers"
16,11,40,14,23,37,11,157,68.6,389,1663,NA,17,16,51.5,14,27.9,17,173,41,61,70,0,0,0,0,0,0,216,2018-01-29 22:53:02,83,18,NA,62,NA,NA,24,NA,54.1,33,NA,74,8,391,62,234,"COLL","CD_T40","Collingwood","Magpies",5,10,39,10,22,32,9,137,72.8,334,1408,NA,16,17,63.2,8,31.6,12,143,38,38,62,0,0,0,0,0,0,191,2018-01-29 22:53:02,75,6,NA,41,NA,NA,44,NA,50,19,NA,60,4,334,70,197,"CARL","CD_T30","Carlton","Blues"
9,17,52,11,34,45,12,161,71.8,369,1453,NA,22,18,56.5,8,22.8,13,183,46,57,73,0,0,0,0,0,0,186,2018-01-29 22:53:07,60,8,NA,33,NA,NA,24,NA,40.4,23,NA,66,16,368,74,207,"WB","CD_T140","Western Bulldogs","Bulldogs",11,24,44,10,26,36,11,122,69.8,298,1378,NA,18,22,48,4,33.3,12,122,43,36,75,0,0,0,0,0,0,176,2018-01-29 22:53:07,76,8,NA,47,NA,NA,43,NA,69.4,25,NA,71,4,297,72,175,"GWS","CD_T1010","GWS Giants","Giants"
18,26,42,13,26,39,8,127,69.9,302,1332,NA,15,18,28.6,5,14.3,8,123,38,56,56,0,0,0,0,0,0,179,2018-01-29 22:53:08,60,9,NA,38,NA,NA,32,NA,50,28,NA,73,19,297,59,170,"RICH","CD_T120","Richmond","Tigers",14,12,37,15,26,41,10,142,77.1,401,1692,NA,18,15,54.3,8,35.8,19,174,56,53,59,0,0,0,0,0,0,227,2018-01-29 22:53:08,90,12,NA,40,NA,NA,48,NA,66,35,NA,62,10,393,55,251,"NMFC","CD_T100","North Melbourne","Kangaroos"
11,15,31,15,20,35,3,130,73.7,335,1394,NA,15,21,48,6,26.7,12,140,36,45,57,0,0,0,0,0,0,195,2018-01-29 22:53:14,86,6,NA,45,NA,NA,43,NA,55.6,25,NA,44,9,330,61,200,"GCFC","CD_T1000","Gold Coast Suns","Suns",14,10,46,15,24,39,11,127,75.4,349,1618,NA,21,15,51.5,13,28.3,17,123,32,60,62,0,0,0,0,0,0,226,2018-01-29 22:53:14,106,14,NA,49,NA,NA,32,NA,55,33,NA,69,21,343,57,216,"BL","CD_T20","Brisbane Lions","Lions"
12,5,46,15,19,34,11,139,67.2,348,1479,NA,15,22,40,4,16.9,10,134,39,59,67,0,0,0,0,0,0,214,2018-01-29 22:53:16,75,9,NA,62,NA,NA,38,NA,42.4,25,NA,64,15,345,71,206,"HAW","CD_T80","Hawthorn","Hawks",16,5,54,4,33,37,10,146,71.3,348,1606,NA,22,15,45.8,9,22,11,125,36,50,71,0,0,0,0,0,0,223,2018-01-29 22:53:16,104,10,NA,61,NA,NA,47,NA,48,24,NA,77,23,352,65,206,"GEEL","CD_T70","Geelong Cats","Cats"
9,9,57,7,31,38,7,145,67.3,355,1521,NA,22,18,55,6,22.4,11,135,42,49,75,0,0,0,0,0,0,220,2018-01-29 22:53:20,82,7,NA,58,NA,NA,44,NA,40.8,20,NA,69,8,353,73,208,"WCE","CD_T150","West Coast Eagles","Eagles",15,3,39,14,26,40,10,159,67.1,350,1460,NA,18,22,36,6,16.7,9,132,37,54,73,0,0,0,0,0,0,218,2018-01-29 22:53:20,88,9,NA,49,NA,NA,36,NA,46.3,25,NA,51,10,350,75,191,"ADEL","CD_T10","Adelaide Crows","Crows"
20,12,39,24,22,46,7,156,73,396,1552,NA,13,16,43.2,9,25.8,16,198,53,62,65,0,0,0,0,0,0,198,2018-01-29 22:53:25,60,11,NA,34,NA,NA,21,NA,59.7,37,NA,59,16,396,59,240,"SYD","CD_T160","Sydney Swans","Swans",7,27,40,5,19,24,14,117,75.2,355,1627,NA,16,13,54.2,8,36.1,13,140,33,36,59,0,0,0,0,0,0,215,2018-01-29 22:53:25,125,11,NA,39,NA,NA,46,NA,66.7,24,NA,61,4,351,64,234,"MELB","CD_T90","Melbourne","Demons"
4,23,44,11,19,30,13,135,68.2,330,1422,NA,14,14,64.7,8,27.5,11,149,27,40,73,0,0,0,0,0,0,181,2018-01-29 22:53:28,68,8,NA,44,NA,NA,40,NA,42.5,17,NA,77,8,324,76,189,"STK","CD_T130","St Kilda","Saints",10,21,37,14,27,41,12,141,79.3,439,1791,NA,14,14,57.7,13,26.8,15,202,38,56,76,0,0,0,0,0,0,237,2018-01-29 22:53:28,126,15,NA,34,NA,NA,29,NA,46.4,26,NA,47,6,448,73,307,"FRE","CD_T60","Fremantle","Freo"
16,9,46,15,28,43,8,140,69.9,346,1468,NA,17,13,41.4,9,19.4,12,151,48,62,69,0,0,0,0,0,0,195,2018-01-29 22:53:33,77,9,NA,50,NA,NA,36,NA,46.8,29,NA,63,11,348,68,208,"PORT","CD_T110","Port Adelaide","Power",10,5,40,15,23,38,14,141,74.9,419,1911,NA,13,17,64.3,13,33.3,18,161,38,54,69,0,0,0,0,0,0,258,2018-01-29 22:53:33,135,17,NA,41,NA,NA,46,NA,51.9,28,NA,69,13,414,68,273,"ESS","CD_T50","Essendon","Bombers"
12,4,38,8,18,26,14,132,77.4,358,1599,NA,13,17,46.2,5,24,12,134,25,50,74,0,0,0,0,0,0,224,2018-01-29 22:53:35,116,11,NA,43,NA,NA,43,NA,52,26,NA,56,10,360,66,228,"ADEL","CD_T10","Adelaide Crows","Crows",9,28,51,18,19,37,14,152,75.9,407,1661,NA,17,13,54.8,13,27.4,17,184,28,62,66,0,0,0,0,0,0,223,2018-01-29 22:53:35,93,14,NA,56,NA,NA,37,NA,50,31,NA,61,3,405,73,253,"COLL","CD_T40","Collingwood","Magpies"
10,3,39,16,27,43,10,129,72.8,360,1633,NA,23,23,65.5,13,33.9,19,144,47,56,61,0,0,0,0,0,0,216,2018-01-29 22:53:40,88,20,NA,30,NA,NA,33,NA,51.8,29,NA,77,8,348,65,219,"HAW","CD_T80","Hawthorn","Hawks",7,5,55,13,18,31,9,148,69.4,363,1388,NA,23,23,52.2,10,26.1,12,194,32,46,65,0,0,0,0,0,0,169,2018-01-29 22:53:40,64,12,NA,42,NA,NA,37,NA,50,23,NA,59,8,366,61,218,"PORT","CD_T110","Port Adelaide","Power"
6,3,45,3,42,45,1,157,51.5,303,1346,NA,20,12,44.4,2,21.1,4,135,55,19,67,0,0,0,0,0,0,168,2018-01-29 22:53:42,37,1,NA,58,NA,NA,56,NA,47.4,9,NA,106,3,286,73,129,"MELB","CD_T90","Melbourne","Demons",20,1,36,15,42,57,7,167,59,334,1614,NA,12,20,40.6,6,18.6,13,115,72,70,73,0,0,0,0,0,0,219,2018-01-29 22:53:42,55,11,NA,45,NA,NA,15,NA,45.7,32,NA,102,25,315,67,148,"GEEL","CD_T70","Geelong Cats","Cats"
8,9,54,9,28,37,10,136,67.8,348,1438,NA,17,13,30,6,13.3,6,162,30,45,63,0,0,0,0,0,0,186,2018-01-29 22:53:47,76,8,NA,49,NA,NA,41,NA,44.4,20,NA,73,6,344,79,208,"GCFC","CD_T1000","Gold Coast Suns","Suns",17,6,40,7,32,39,8,150,68,362,1569,NA,13,17,26.1,4,12.5,6,138,45,48,79,0,0,0,0,0,0,224,2018-01-29 22:53:47,87,7,NA,57,NA,NA,38,NA,47.9,23,NA,71,9,361,63,211,"RICH","CD_T120","Richmond","Tigers"
14,29,51,15,24,39,10,124,74.3,350,1470,NA,16,18,40,8,21.7,10,144,42,46,53,0,0,0,0,0,0,206,2018-01-29 22:53:49,86,13,NA,48,NA,NA,33,NA,54.3,25,NA,55,6,349,62,225,"STK","CD_T130","St Kilda","Saints",14,9,45,12,22,34,17,141,72.5,335,1512,NA,18,16,59.3,12,32,16,118,39,50,62,0,0,0,0,0,0,217,2018-01-29 22:53:49,114,16,NA,34,NA,NA,36,NA,54,27,NA,43,7,332,52,191,"CARL","CD_T30","Carlton","Blues"
3,8,51,17,24,41,5,130,72.9,343,1456,NA,18,22,70.8,13,NA,17,144,46,43,NA,NA,NA,NA,NA,NA,NA,199,NA,76,13,NA,32,NA,NA,36,NA,NA,NA,NA,56,NA,335,NA,205,"NMFC","CD_T100","North Melbourne","Kangaroos",9,6,45,12,23,35,5,132,69.5,295,1385,NA,22,18,64.3,12,NA,18,109,43,57,NA,NA,NA,NA,NA,NA,NA,186,NA,79,13,NA,36,NA,NA,26,NA,NA,NA,NA,65,NA,295,NA,163,"BL","CD_T20","Brisbane Lions","Lions"
12,7,53,14,18,32,4,104,65.6,294,1214,NA,15,16,35.7,2,16.1,5,117,46,31,58,0,0,0,0,0,0,177,2018-01-29 22:53:56,66,6,NA,36,NA,NA,53,NA,45.2,14,NA,48,4,283,78,179,"GWS","CD_T1010","GWS Giants","Giants",27,12,45,12,23,35,16,154,76.8,418,1780,NA,16,15,47.1,12,31.2,24,176,38,77,79,0,0,0,0,0,0,242,2018-01-29 22:53:56,110,31,NA,35,NA,NA,26,NA,66.2,51,NA,49,11,415,58,261,"SYD","CD_T160","Sydney Swans","Swans"
13,14,45,13,25,38,14,133,74.2,387,1736,NA,18,17,64.3,12,34,18,149,54,53,78,0,0,0,0,0,0,238,2018-01-29 22:54:02,110,14,NA,50,NA,NA,46,NA,52.8,28,NA,64,4,379,71,246,"ESS","CD_T50","Essendon","Bombers",6,13,46,17,26,43,15,162,74.2,415,1619,NA,17,18,63.6,7,23.3,14,201,32,60,71,0,0,0,0,0,0,214,2018-01-29 22:54:02,82,13,NA,50,NA,NA,35,NA,36.7,22,NA,60,5,416,77,254,"WB","CD_T140","Western Bulldogs","Bulldogs"
7,9,50,24,21,45,12,156,71.8,365,1542,NA,23,22,70.4,16,43.2,19,163,48,44,57,0,0,0,0,0,0,202,2018-01-29 22:54:06,84,15,NA,49,NA,NA,33,NA,61.4,27,NA,59,10,372,67,216,"FRE","CD_T60","Fremantle","Freo",9,8,38,12,31,43,20,156,68.9,305,1485,NA,22,23,58.3,10,29.8,14,115,42,47,67,0,0,0,0,0,0,190,2018-01-29 22:54:06,83,10,NA,48,NA,NA,25,NA,51.1,24,NA,86,21,311,57,155,"WCE","CD_T150","West Coast Eagles","Eagles"
13,21,36,12,25,37,19,147,71.4,290,1370,NA,18,23,55.2,11,32,16,99,39,50,64,0,0,0,0,0,0,191,2018-01-29 22:54:08,66,11,NA,58,NA,NA,38,NA,58,29,NA,71,9,286,60,139,"CARL","CD_T30","Carlton","Blues",12,18,46,14,27,41,13,144,75.6,344,1513,NA,23,18,45.7,12,29.6,16,127,44,54,61,0,0,0,0,0,0,217,2018-01-29 22:54:08,85,15,NA,42,NA,NA,33,NA,64.8,35,NA,63,9,340,63,196,"NMFC","CD_T100","North Melbourne","Kangaroos"
10,4,46,14,19,33,9,131,75.1,362,1455,NA,21,23,37.9,6,28.2,11,182,35,39,46,0,0,0,0,0,0,180,2018-01-29 22:54:14,72,16,NA,37,NA,NA,36,NA,74.4,29,NA,66,14,357,55,226,"WB","CD_T140","Western Bulldogs","Bulldogs",17,4,46,10,28,38,8,119,76.2,345,1573,NA,23,21,44.8,10,26.5,13,136,44,49,55,0,0,0,0,0,0,209,2018-01-29 22:54:14,97,13,NA,43,NA,NA,24,NA,59.2,29,NA,73,13,336,45,217,"HAW","CD_T80","Hawthorn","Hawks"
8,15,51,11,32,43,4,141,71.8,355,1537,NA,21,24,72,14,30,18,160,50,60,61,0,0,0,0,0,0,195,2018-01-29 22:54:25,71,6,NA,41,NA,NA,28,NA,41.7,25,NA,73,22,355,61,214,"ESS","CD_T50","Essendon","Bombers",11,14,62,17,31,48,10,152,68.5,355,1498,NA,24,21,44,7,27.5,11,153,49,40,61,0,0,0,0,0,0,202,2018-01-29 22:54:25,77,9,NA,42,NA,NA,41,NA,62.5,25,NA,70,12,354,60,202,"GWS","CD_T1010","GWS Giants","Giants"
12,17,49,8,32,40,7,140,72.1,391,1708,NA,8,15,44,7,18.3,11,169,40,60,76,0,0,0,0,0,0,222,2018-01-29 22:54:22,93,12,NA,50,NA,NA,34,NA,41.7,25,NA,79,14,388,67,248,"COLL","CD_T40","Collingwood","Magpies",7,9,53,15,28,43,7,134,71.1,367,1551,NA,15,8,54.2,8,27.1,13,157,38,48,68,0,0,0,0,0,0,210,2018-01-29 22:54:22,91,7,NA,62,NA,NA,49,NA,50,24,NA,62,7,364,76,230,"GCFC","CD_T1000","Gold Coast Suns","Suns"
13,12,45,12,23,35,8,109,70.5,298,1382,NA,18,15,48.3,10,31.1,14,119,46,45,49,0,0,0,0,0,0,179,2018-01-29 22:54:16,85,16,NA,43,NA,NA,35,NA,64.4,29,NA,62,5,299,46,190,"PORT","CD_T110","Port Adelaide","Power",14,20,44,12,35,47,10,132,70.6,350,1524,NA,15,18,46.4,7,26.5,13,147,48,49,46,0,0,0,0,0,0,203,2018-01-29 22:54:16,84,12,NA,32,NA,NA,31,NA,57.1,28,NA,64,13,346,49,214,"STK","CD_T130","St Kilda","Saints"
16,14,48,10,28,38,9,154,70,357,1512,NA,26,18,52,9,23.2,13,142,43,56,73,0,0,0,0,0,0,215,2018-01-29 22:54:31,86,8,NA,39,NA,NA,39,NA,44.6,25,NA,62,5,349,62,195,"BL","CD_T20","Brisbane Lions","Lions",9,13,41,10,30,40,8,141,66.3,309,1338,NA,18,26,55,7,22,11,118,45,50,62,0,0,0,0,0,0,191,2018-01-29 22:54:31,71,11,NA,52,NA,NA,42,NA,40,20,NA,56,9,305,73,164,"MELB","CD_T90","Melbourne","Demons"
9,10,53,8,15,23,16,125,71.7,346,1508,NA,22,15,40,6,20,8,158,30,40,66,0,0,0,0,0,0,188,2018-01-29 22:54:33,100,8,NA,45,NA,NA,33,NA,50,20,NA,73,6,348,64,223,"FRE","CD_T60","Fremantle","Freo",12,12,45,11,29,40,10,141,75.1,402,1758,NA,15,22,36.4,6,26.7,12,159,36,45,64,0,0,0,0,0,0,243,2018-01-29 22:54:33,114,8,NA,43,NA,NA,32,NA,73.3,33,NA,68,12,408,65,267,"RICH","CD_T120","Richmond","Tigers"
8,8,48,10,27,37,17,155,70.1,318,1377,NA,20,20,56,9,26.9,14,125,38,52,75,0,0,0,0,0,0,193,2018-01-29 22:54:39,74,14,NA,43,NA,NA,45,NA,48.1,25,NA,59,8,312,82,157,"GEEL","CD_T70","Geelong Cats","Cats",10,8,48,18,20,38,8,157,71.9,416,1699,NA,20,20,50,6,23.3,14,183,30,60,82,0,0,0,0,0,0,233,2018-01-29 22:54:39,90,11,NA,41,NA,NA,38,NA,46.7,28,NA,70,13,412,74,255,"ADEL","CD_T10","Adelaide Crows","Crows"
11,12,41,14,31,45,15,158,76.7,382,1489,NA,19,13,63,13,32.1,17,188,36,53,62,0,0,0,0,0,0,194,2018-01-29 22:54:42,62,9,NA,62,NA,NA,28,NA,50.9,27,NA,60,8,377,67,219,"SYD","CD_T160","Sydney Swans","Swans",13,7,31,12,24,36,12,134,77.5,364,1677,NA,13,19,52.4,7,28.2,11,160,52,39,67,0,0,0,0,0,0,204,2018-01-29 22:54:42,102,12,NA,62,NA,NA,36,NA,53.8,21,NA,82,16,373,62,239,"WCE","CD_T150","West Coast Eagles","Eagles"
11,13,36,19,21,40,14,143,77.2,438,1909,NA,8,11,61.1,17,33.3,22,181,41,66,60,0,0,0,0,0,0,257,2018-01-29 22:54:47,131,20,NA,55,NA,NA,27,NA,54.5,36,NA,53,9,433,60,290,"HAW","CD_T80","Hawthorn","Hawks",9,7,31,13,22,35,11,130,75.9,340,1476,NA,11,8,56.5,9,32.5,13,146,36,40,60,0,0,0,0,0,0,194,2018-01-29 22:54:47,92,10,NA,34,NA,NA,44,NA,57.5,23,NA,57,5,345,60,215,"ESS","CD_T50","Essendon","Bombers"
24,20,39,16,25,41,8,145,76.3,388,1692,NA,12,13,48.5,12,24.6,16,152,50,65,58,0,0,0,0,0,0,236,2018-01-29 22:54:49,107,13,NA,45,NA,NA,29,NA,50.8,33,NA,53,11,394,50,249,"CARL","CD_T30","Carlton","Blues",11,15,46,10,19,29,12,126,71.2,319,1390,NA,13,12,61.1,7,27.5,11,138,25,40,50,0,0,0,0,0,0,181,2018-01-29 22:54:49,80,6,NA,64,NA,NA,49,NA,45,18,NA,64,4,318,58,192,"GCFC","CD_T1000","Gold Coast Suns","Suns"
18,18,28,12,37,49,9,154,74.5,439,1953,NA,10,12,52.4,13,33.3,22,193,59,66,57,0,0,0,0,0,0,246,2018-01-29 22:54:54,122,21,NA,33,NA,NA,25,NA,63.6,42,NA,68,9,442,49,288,"NMFC","CD_T100","North Melbourne","Kangaroos",4,13,41,10,17,27,18,106,73.4,290,1316,NA,12,10,36.4,2,13.3,4,132,33,30,49,0,0,0,0,0,0,158,2018-01-29 22:54:54,89,2,NA,30,NA,NA,44,NA,36.7,11,NA,69,2,287,56,181,"MELB","CD_T90","Melbourne","Demons"
6,18,42,16,24,40,8,137,73.4,364,1493,NA,17,12,62.5,6,29.4,10,165,46,34,57,0,0,0,0,0,0,199,2018-01-29 22:54:56,83,3,NA,44,NA,NA,35,NA,47.1,16,NA,61,3,359,66,222,"GWS","CD_T1010","GWS Giants","Giants",16,28,39,9,27,36,8,143,72,393,1699,NA,12,17,50,10,28.8,15,170,27,52,66,0,0,0,0,0,0,223,2018-01-29 22:54:56,108,13,NA,46,NA,NA,24,NA,57.7,30,NA,63,14,398,57,255,"COLL","CD_T40","Collingwood","Magpies"
6,18,48,9,27,36,5,128,70.4,338,1279,NA,13,11,35.7,3,20,5,176,43,25,68,0,0,0,0,0,0,162,2018-01-29 22:55:01,58,4,NA,38,NA,NA,42,NA,56,14,NA,54,4,338,78,210,"STK","CD_T130","St Kilda","Saints",11,6,38,11,24,35,13,138,76.4,398,1732,NA,11,13,67.7,15,33.3,21,182,33,63,78,0,0,0,0,0,0,216,2018-01-29 22:55:01,114,17,NA,39,NA,NA,20,NA,49.2,31,NA,57,12,402,68,264,"GEEL","CD_T70","Geelong Cats","Cats"
11,2,44,10,23,33,11,136,72.6,402,1626,NA,17,18,33.3,4,15.6,7,192,25,45,58,0,0,0,0,0,0,210,2018-01-29 22:55:04,105,7,NA,35,NA,NA,22,NA,46.7,21,NA,63,6,400,63,264,"ADEL","CD_T10","Adelaide Crows","Crows",9,8,40,6,20,26,11,129,78,391,1634,NA,18,17,55,9,33.3,11,174,39,33,63,0,0,0,0,0,0,217,2018-01-29 22:55:04,110,14,NA,38,NA,NA,37,NA,60.6,20,NA,57,6,395,57,266,"FRE","CD_T60","Fremantle","Freo"
8,19,54,11,22,33,13,132,71.4,343,1416,NA,22,11,45,6,20.9,9,149,44,43,69,0,0,0,0,0,0,194,2018-01-29 22:55:06,83,9,NA,34,NA,NA,49,NA,46.5,20,NA,59,5,341,78,209,"BL","CD_T20","Brisbane Lions","Lions",17,15,43,8,32,40,10,158,67.7,381,1588,NA,11,22,28.1,4,15.5,9,173,31,58,78,0,0,0,0,0,0,208,2018-01-29 22:55:06,77,12,NA,40,NA,NA,33,NA,55.2,32,NA,74,20,380,69,222,"PORT","CD_T110","Port Adelaide","Power"
11,25,47,14,20,34,9,127,74.1,370,1587,NA,20,15,48.1,9,23.6,13,163,37,55,65,0,0,0,0,0,0,207,2018-01-29 22:55:12,105,13,NA,48,NA,NA,37,NA,49.1,27,NA,61,6,366,66,239,"WCE","CD_T150","West Coast Eagles","Eagles",15,9,42,14,23,37,6,143,76.5,430,1716,NA,15,20,45.7,10,28.6,16,205,29,56,66,0,0,0,0,0,0,225,2018-01-29 22:55:12,88,14,NA,53,NA,NA,42,NA,62.5,35,NA,63,7,426,65,283,"WB","CD_T140","Western Bulldogs","Bulldogs"
9,12,51,14,22,36,9,130,72.7,400,1536,NA,20,15,40.9,9,19.1,9,182,29,47,62,0,0,0,0,0,0,218,2018-01-29 22:55:13,89,9,NA,40,NA,NA,48,NA,46.8,22,NA,51,5,388,69,258,"RICH","CD_T120","Richmond","Tigers",14,4,40,14,20,34,12,144,76.5,383,1550,NA,15,20,47.1,13,24.6,16,175,39,65,69,0,0,0,0,0,0,208,2018-01-29 22:55:13,72,17,NA,47,NA,NA,36,NA,52.3,34,NA,59,12,376,62,232,"SYD","CD_T160","Sydney Swans","Swans"
8,11,36,10,23,33,5,131,73.2,332,1445,NA,11,25,59.1,6,22,13,144,27,59,68,0,0,0,0,0,0,188,2018-01-29 22:55:18,72,8,NA,46,NA,NA,31,NA,37.3,22,NA,68,7,324,70,193,"GEEL","CD_T70","Geelong Cats","Cats",6,23,53,17,22,39,12,154,75.7,432,1624,NA,25,11,75,13,32.6,15,218,57,46,70,0,0,0,0,0,0,214,2018-01-29 22:55:18,83,10,NA,31,NA,NA,44,NA,43.5,20,NA,52,13,425,68,271,"NMFC","CD_T100","North Melbourne","Kangaroos"
15,24,53,18,19,37,8,127,73.1,331,1345,NA,19,21,41.4,6,25,12,152,33,48,55,0,0,0,0,0,0,179,2018-01-29 22:55:20,84,9,NA,28,NA,NA,37,NA,60.4,29,NA,42,4,333,55,206,"MELB","CD_T90","Melbourne","Demons",10,22,56,13,24,37,11,126,77.8,388,1669,NA,21,19,54.3,13,33.9,19,162,31,56,55,0,0,0,0,0,0,226,2018-01-29 22:55:20,112,11,NA,34,NA,NA,36,NA,62.5,35,NA,55,9,385,54,259,"GWS","CD_T1010","GWS Giants","Giants"
11,10,46,13,41,54,5,146,70.1,375,1568,NA,18,15,61.5,11,34.8,16,166,51,46,59,0,0,0,0,0,0,209,2018-01-29 22:55:25,82,12,NA,39,NA,NA,38,NA,56.5,26,NA,61,16,375,61,229,"RICH","CD_T120","Richmond","Tigers",12,6,41,10,25,35,11,114,72,332,1537,NA,15,18,40.9,7,18.8,9,135,43,48,60,0,0,0,0,0,0,197,2018-01-29 22:55:25,90,14,NA,50,NA,NA,28,NA,45.8,22,NA,81,8,333,59,219,"HAW","CD_T80","Hawthorn","Hawks"
11,28,54,16,25,41,10,145,70.1,331,1330,NA,26,14,51.5,12,34,17,153,33,50,66,0,0,0,0,0,0,178,2018-01-29 22:55:27,72,6,NA,41,NA,NA,27,NA,66,33,NA,48,6,338,63,193,"GCFC","CD_T1000","Gold Coast Suns","Suns",10,18,41,18,19,37,10,135,71.9,345,1659,NA,14,26,60.6,16,40.8,20,122,60,49,64,0,0,0,0,0,0,223,2018-01-29 22:55:27,108,16,NA,33,NA,NA,33,NA,67.3,33,NA,62,10,342,65,207,"WCE","CD_T150","West Coast Eagles","Eagles"
14,14,46,14,26,40,12,153,74.9,347,1538,NA,19,11,51.5,12,29.3,17,145,50,58,66,0,0,0,0,0,0,202,2018-01-29 22:55:33,74,14,NA,38,NA,NA,29,NA,56.9,33,NA,75,14,354,63,201,"FRE","CD_T60","Fremantle","Freo",8,11,38,10,26,36,16,140,71.6,342,1607,NA,11,19,57.1,7,28.6,12,138,39,42,63,0,0,0,0,0,0,204,2018-01-29 22:55:33,94,10,NA,52,NA,NA,41,NA,50,21,NA,83,15,338,65,198,"CARL","CD_T30","Carlton","Blues"
11,37,37,16,23,39,15,134,72.3,361,1484,NA,7,19,44,9,22.4,11,148,37,49,59,0,0,0,0,0,0,213,2018-01-29 22:55:36,91,7,NA,43,NA,NA,36,NA,51,25,NA,41,5,352,58,218,"STK","CD_T130","St Kilda","Saints",12,14,51,14,24,38,14,130,72.3,386,1646,NA,19,7,55.2,10,30.2,16,164,44,53,58,0,0,0,0,0,0,222,2018-01-29 22:55:36,114,7,NA,49,NA,NA,38,NA,54.7,29,NA,52,5,384,59,254,"BL","CD_T20","Brisbane Lions","Lions"
8,12,31,16,27,43,17,167,74,362,1630,NA,14,14,70,15,38.9,21,160,51,54,68,0,0,0,0,0,0,202,2018-01-29 22:55:38,77,9,NA,41,NA,NA,43,NA,55.6,30,NA,79,14,359,61,192,"SYD","CD_T160","Sydney Swans","Swans",9,20,37,17,34,51,13,169,74.9,406,1703,NA,14,14,62.5,13,25,15,210,48,60,61,0,0,0,0,0,0,196,2018-01-29 22:55:38,64,10,NA,59,NA,NA,32,NA,40,24,NA,96,14,402,68,233,"WB","CD_T140","Western Bulldogs","Bulldogs"
5,15,47,16,27,43,7,138,69.9,339,1476,NA,18,13,68,10,34,17,150,45,50,52,0,0,0,0,0,0,189,2018-01-29 22:55:43,70,13,NA,39,NA,NA,34,NA,50,25,NA,72,3,335,66,197,"PORT","CD_T110","Port Adelaide","Power",13,26,41,13,28,41,5,152,68.1,354,1588,NA,13,18,42.9,12,30,15,134,52,50,65,0,0,0,0,0,0,220,2018-01-29 22:55:43,90,11,NA,36,NA,NA,32,NA,70,35,NA,64,7,351,51,199,"ADEL","CD_T10","Adelaide Crows","Crows"
12,2,60,17,25,42,9,145,67.9,355,1337,NA,18,10,33.3,5,15.2,7,173,46,46,71,0,0,0,0,0,0,182,2018-01-29 22:55:45,59,4,NA,56,NA,NA,42,NA,45.7,21,NA,53,6,348,87,203,"ESS","CD_T50","Essendon","Bombers",13,12,35,9,19,28,11,155,72.6,398,1853,NA,10,18,58.8,15,31.7,20,143,27,63,87,0,0,0,0,0,0,255,2018-01-29 22:55:45,110,19,NA,54,NA,NA,39,NA,54,34,NA,81,12,392,71,237,"COLL","CD_T40","Collingwood","Magpies"
18,15,31,14,21,35,6,109,79.8,415,1749,NA,19,15,48.3,10,24.6,14,176,34,57,47,0,0,0,0,0,0,239,2018-01-29 22:55:51,122,14,NA,39,NA,NA,40,NA,50.9,29,NA,55,8,413,53,304,"HAW","CD_T80","Hawthorn","Hawks",14,14,36,7,21,28,8,119,76.1,381,1496,NA,15,19,30.4,5,14.9,7,170,24,47,53,0,0,0,0,0,0,211,2018-01-29 22:55:51,95,8,NA,39,NA,NA,43,NA,48.9,23,NA,46,6,383,47,264,"STK","CD_T130","St Kilda","Saints"
8,7,50,10,21,31,10,115,70.6,296,1322,NA,25,15,55,9,25,11,134,39,44,60,0,0,0,0,0,0,162,2018-01-29 22:55:53,65,11,NA,39,NA,NA,40,NA,45.5,20,NA,80,14,292,66,177,"BL","CD_T20","Brisbane Lions","Lions",13,19,41,16,22,38,10,141,76.2,424,1828,NA,15,25,51.9,11,25.5,14,173,32,55,66,0,0,0,0,0,0,251,2018-01-29 22:55:53,124,16,NA,34,NA,NA,33,NA,49.1,27,NA,62,14,421,60,280,"RICH","CD_T120","Richmond","Tigers"
8,7,45,18,25,43,11,139,71.4,360,1587,NA,20,17,64,12,34,16,163,64,47,51,0,0,0,0,0,0,197,2018-01-29 22:55:58,95,14,NA,28,NA,NA,29,NA,53.2,25,NA,65,4,359,61,220,"PORT","CD_T110","Port Adelaide","Power",9,16,42,13,17,30,11,125,76.1,364,1704,NA,17,20,64.5,17,40.8,20,153,28,49,61,0,0,0,0,0,0,211,2018-01-29 22:55:58,117,11,NA,29,NA,NA,31,NA,63.3,31,NA,72,14,366,51,241,"GEEL","CD_T70","Geelong Cats","Cats"
21,13,45,15,31,46,11,158,77.5,422,1702,NA,23,12,39,13,22.9,16,203,35,70,72,0,0,0,0,0,0,219,2018-01-29 22:56:03,76,9,NA,50,NA,NA,36,NA,58.6,41,NA,79,15,413,58,255,"WB","CD_T140","Western Bulldogs","Bulldogs",11,15,47,10,30,40,9,141,69.5,325,1494,NA,12,23,56.5,8,26.5,13,123,56,49,60,0,0,0,0,0,0,202,2018-01-29 22:56:03,78,10,NA,73,NA,NA,52,NA,46.9,23,NA,69,10,317,72,176,"CARL","CD_T30","Carlton","Blues"
16,12,48,11,25,36,13,147,77.8,388,1573,NA,21,17,43.8,10,24.6,14,182,32,57,71,0,0,0,0,0,0,206,2018-01-29 22:56:05,83,12,NA,44,NA,NA,28,NA,56.1,32,NA,64,6,391,60,244,"COLL","CD_T40","Collingwood","Magpies",11,7,45,11,28,39,8,134,73,318,1360,NA,17,21,40,6,26.3,10,143,49,38,60,0,0,0,0,0,0,175,2018-01-29 22:56:05,65,10,NA,46,NA,NA,42,NA,65.8,25,NA,66,5,312,71,178,"SYD","CD_T160","Sydney Swans","Swans"
17,14,43,12,24,36,5,142,73.3,374,1495,NA,18,25,33.3,5,18.9,10,165,56,53,58,0,0,0,0,0,0,209,2018-01-29 22:56:11,86,8,NA,39,NA,NA,32,NA,56.6,30,NA,44,8,367,48,225,"MELB","CD_T90","Melbourne","Demons",12,10,49,12,30,42,8,117,73.2,336,1417,NA,25,18,50,10,28.9,13,145,34,45,49,0,0,0,0,0,0,191,2018-01-29 22:56:11,81,10,NA,54,NA,NA,40,NA,57.8,26,NA,61,12,327,57,210,"GCFC","CD_T1000","Gold Coast Suns","Suns"
12,28,41,11,28,39,10,141,68.4,364,1667,NA,9,18,62.1,15,35.3,18,143,37,51,72,0,0,0,0,0,0,221,2018-01-29 22:56:14,98,12,NA,40,NA,NA,51,NA,56.9,29,NA,69,11,360,73,219,"WCE","CD_T150","West Coast Eagles","Eagles",13,15,49,18,20,38,13,145,71.8,397,1677,NA,18,9,33.3,7,15,9,171,40,60,73,0,0,0,0,0,0,226,2018-01-29 22:56:14,109,13,NA,48,NA,NA,32,NA,45,27,NA,67,19,397,71,252,"ESS","CD_T50","Essendon","Bombers"
10,21,48,11,21,32,10,132,72.6,332,1381,NA,21,18,43.5,6,23.8,10,138,25,42,65,0,0,0,0,0,0,194,2018-01-29 22:56:20,79,4,NA,37,NA,NA,45,NA,54.8,23,NA,59,10,325,74,193,"NMFC","CD_T100","North Melbourne","Kangaroos",13,20,43,11,20,31,9,139,74.4,367,1571,NA,18,21,42.3,7,19.3,11,155,46,57,74,0,0,0,0,0,0,212,2018-01-29 22:56:20,99,7,NA,45,NA,NA,32,NA,45.6,26,NA,59,10,365,65,226,"ADEL","CD_T10","Adelaide Crows","Crows"
8,7,52,13,18,31,5,108,72.2,306,1408,NA,20,17,42.9,4,20,6,154,23,30,54,0,0,0,0,0,0,152,2018-01-29 22:56:23,64,5,NA,39,NA,NA,27,NA,46.7,14,NA,107,6,305,69,197,"GWS","CD_T1010","GWS Giants","Giants",13,12,42,13,25,38,7,151,74.9,394,1739,NA,17,20,61.5,19,47.1,24,167,52,51,69,0,0,0,0,0,0,227,2018-01-29 22:56:23,102,13,NA,41,NA,NA,23,NA,76.5,39,NA,60,24,394,54,243,"FRE","CD_T60","Fremantle","Freo"
12,13,38,17,24,41,7,137,72.1,337,1442,NA,16,16,52.2,9,27.3,12,145,37,44,61,0,0,0,0,0,0,192,2018-01-29 22:56:29,77,11,NA,28,NA,NA,34,NA,52.3,23,NA,64,12,335,64,198,"COLL","CD_T40","Collingwood","Magpies",11,11,39,12,23,35,8,140,76.4,373,1578,NA,16,16,58.1,12,34.6,18,169,37,52,65,0,0,0,0,0,0,204,2018-01-29 22:56:29,72,20,NA,44,NA,NA,31,NA,59.6,31,NA,72,13,366,61,226,"HAW","CD_T80","Hawthorn","Hawks"
10,11,45,14,31,45,10,149,74.3,343,1546,NA,22,23,55.2,10,26.2,16,127,47,61,63,0,0,0,0,0,0,216,2018-01-29 22:56:31,70,16,NA,61,NA,NA,37,NA,47.5,29,NA,81,12,339,64,190,"CARL","CD_T30","Carlton","Blues",12,26,50,12,23,35,9,147,75.9,332,1376,NA,23,22,58.3,11,27.5,14,153,47,51,65,0,0,0,0,0,0,179,2018-01-29 22:56:31,59,11,NA,54,NA,NA,45,NA,47.1,24,NA,65,3,342,63,195,"RICH","CD_T120","Richmond","Tigers"
12,12,42,14,21,35,11,117,73,285,1336,NA,19,17,46.7,11,31.1,14,117,26,45,49,0,0,0,0,0,0,168,2018-01-29 22:56:37,72,17,NA,36,NA,NA,42,NA,66.7,30,NA,75,13,285,57,168,"GCFC","CD_T1000","Gold Coast Suns","Suns",17,13,38,15,23,38,10,127,74.9,391,1663,NA,17,19,44.4,14,26.7,16,173,45,60,58,0,0,0,0,0,0,218,2018-01-29 22:56:37,107,19,NA,19,NA,NA,31,NA,60,36,NA,54,12,391,49,264,"PORT","CD_T110","Port Adelaide","Power"
13,13,34,11,21,32,14,139,74.5,376,1612,NA,16,15,53.1,12,31.5,17,151,37,54,63,0,0,0,0,0,0,225,2018-01-29 22:56:40,104,12,NA,36,NA,NA,32,NA,59.3,32,NA,51,8,370,61,231,"NMFC","CD_T100","North Melbourne","Kangaroos",16,8,36,13,19,32,13,126,71,355,1418,NA,15,16,33.3,5,21.4,9,164,28,42,64,0,0,0,0,0,0,191,2018-01-29 22:56:40,88,14,NA,40,NA,NA,37,NA,64.3,27,NA,46,6,352,62,226,"ESS","CD_T50","Essendon","Bombers"
11,4,41,9,31,40,7,157,74.4,434,1761,NA,20,20,55.2,12,27.6,16,202,32,58,84,0,0,0,0,0,0,232,2018-01-29 22:56:46,90,5,NA,47,NA,NA,30,NA,50,29,NA,73,13,430,72,273,"GEEL","CD_T70","Geelong Cats","Cats",5,0,50,13,22,35,9,145,71.9,338,1434,NA,20,20,46.2,4,16.7,6,151,47,36,72,0,0,0,0,0,0,187,2018-01-29 22:56:46,73,5,NA,60,NA,NA,41,NA,36.1,13,NA,76,8,335,84,190,"WCE","CD_T150","West Coast Eagles","Eagles"
9,7,53,12,24,36,9,116,72.1,308,1323,NA,25,21,52.9,7,22,9,123,40,41,51,0,0,0,0,0,0,185,2018-01-29 22:56:48,83,6,NA,36,NA,NA,48,NA,41.5,17,NA,56,12,299,62,183,"GWS","CD_T1010","GWS Giants","Giants",15,9,49,15,18,33,12,137,75.6,410,1680,NA,21,25,52.9,14,26.9,18,195,34,67,62,0,0,0,0,0,0,215,2018-01-29 22:56:48,94,12,NA,46,NA,NA,32,NA,50.7,34,NA,61,19,411,50,274,"BL","CD_T20","Brisbane Lions","Lions"
13,18,46,13,20,33,11,136,79.6,451,1926,NA,19,21,60.6,13,31.3,20,192,31,64,66,0,0,0,0,0,0,259,2018-01-29 22:56:54,135,14,NA,36,NA,NA,33,NA,51.6,33,NA,58,9,452,62,316,"FRE","CD_T60","Fremantle","Freo",8,15,44,9,17,26,4,119,70.7,348,1386,NA,21,19,41.7,3,12.8,5,161,29,39,62,0,0,0,0,0,0,187,2018-01-29 22:56:54,88,6,NA,37,NA,NA,44,NA,30.8,12,NA,54,1,346,66,227,"MELB","CD_T90","Melbourne","Demons"
11,24,51,16,20,36,16,134,75.9,377,1479,NA,13,13,44.4,7,19.5,8,178,36,41,69,0,0,0,0,0,0,199,2018-01-29 22:56:57,91,9,NA,34,NA,NA,44,NA,43.9,18,NA,46,2,381,70,247,"STK","CD_T130","St Kilda","Saints",10,9,51,12,29,41,11,141,75.8,389,1617,NA,13,13,62.1,15,28.6,18,177,52,63,70,0,0,0,0,0,0,212,2018-01-29 22:56:57,85,19,NA,51,NA,NA,32,NA,46,29,NA,57,14,382,69,241,"SYD","CD_T160","Sydney Swans","Swans"
12,18,45,22,23,45,9,140,73.3,322,1346,NA,21,21,58.6,13,32.1,17,136,33,53,54,0,0,0,0,0,0,186,2018-01-29 22:57:03,69,9,NA,31,NA,NA,27,NA,54.7,29,NA,51,9,322,60,182,"ADEL","CD_T10","Adelaide Crows","Crows",11,12,42,17,18,35,19,138,79.1,388,1616,NA,21,21,60.6,16,42.6,20,198,41,47,60,0,0,0,0,0,0,190,2018-01-29 22:57:03,88,21,NA,33,NA,NA,34,NA,70.2,33,NA,64,9,390,53,252,"WB","CD_T140","Western Bulldogs","Bulldogs"
9,2,45,12,21,33,7,139,70,380,1421,NA,15,15,31.3,3,11.4,5,195,38,44,78,0,0,0,0,0,0,185,2018-01-29 22:57:06,75,10,NA,37,NA,NA,42,NA,36.4,16,NA,51,10,373,86,234,"WCE","CD_T150","West Coast Eagles","Eagles",11,14,51,10,17,27,9,143,74.9,454,1852,NA,15,15,46.9,12,25.9,15,217,28,58,87,0,0,0,0,0,0,237,2018-01-29 22:57:06,116,12,NA,34,NA,NA,38,NA,55.2,32,NA,65,11,452,77,309,"COLL","CD_T40","Collingwood","Magpies"
10,14,41,10,22,32,11,119,71.7,325,1389,NA,25,11,41.2,6,20.6,7,152,37,34,48,0,0,0,0,0,0,173,2018-01-29 22:57:12,87,11,NA,37,NA,NA,35,NA,50,17,NA,70,6,329,53,210,"MELB","CD_T90","Melbourne","Demons",12,8,37,14,28,42,11,137,76.5,404,1765,NA,11,25,62.1,10,33.3,18,186,59,54,54,0,0,0,0,0,0,218,2018-01-29 22:57:12,104,12,NA,36,NA,NA,27,NA,53.7,29,NA,64,15,412,48,275,"ADEL","CD_T10","Adelaide Crows","Crows"
15,15,40,16,17,33,10,128,72.1,326,1472,NA,20,12,53.1,13,34,17,135,39,50,63,0,0,0,0,0,0,191,2018-01-29 22:57:14,87,9,NA,45,NA,NA,37,NA,64,32,NA,65,12,332,60,204,"HAW","CD_T80","Hawthorn","Hawks",13,8,40,19,13,32,8,131,76.5,387,1564,NA,12,20,55.6,10,28.8,15,174,28,52,60,0,0,0,0,0,0,213,2018-01-29 22:57:14,94,20,NA,36,NA,NA,32,NA,51.9,27,NA,45,8,390,63,259,"NMFC","CD_T100","North Melbourne","Kangaroos"
6,7,58,6,32,38,15,149,70.8,349,1374,NA,24,14,43.8,5,18.9,7,172,51,37,63,0,0,0,0,0,0,177,2018-01-29 22:57:19,66,8,NA,37,NA,NA,49,NA,43.2,16,NA,65,6,347,82,198,"SYD","CD_T160","Sydney Swans","Swans",14,7,44,15,15,30,12,151,75.3,433,1894,NA,14,24,46.4,7,21,13,207,24,62,82,0,0,0,0,0,0,226,2018-01-29 22:57:19,108,11,NA,44,NA,NA,29,NA,45.2,28,NA,95,17,434,63,283,"GEEL","CD_T70","Geelong Cats","Cats"
10,7,43,11,20,31,15,131,72.6,358,1608,NA,20,17,54.5,10,21.4,12,134,23,56,64,0,0,0,0,0,0,224,2018-01-29 22:57:22,106,12,NA,44,NA,NA,39,NA,39.3,22,NA,72,11,351,73,220,"ESS","CD_T50","Essendon","Bombers",22,14,47,11,23,34,17,169,68.9,334,1380,NA,17,20,29,5,18.8,9,127,41,48,73,0,0,0,0,0,0,207,2018-01-29 22:57:22,73,13,NA,83,NA,NA,42,NA,64.6,31,NA,50,9,337,64,168,"CARL","CD_T30","Carlton","Blues"
6,9,53,18,29,47,6,141,68,353,1549,NA,20,22,60,6,21.4,9,165,47,42,49,0,0,0,0,0,0,188,2018-01-29 22:57:27,78,7,NA,42,NA,NA,23,NA,35.7,15,NA,88,10,357,60,216,"PORT","CD_T110","Port Adelaide","Power",8,18,43,9,26,35,5,149,75,388,1631,NA,22,20,72.4,11,46.7,21,171,42,45,60,0,0,0,0,0,0,217,2018-01-29 22:57:27,88,9,NA,49,NA,NA,33,NA,64.4,29,NA,61,8,390,49,241,"FRE","CD_T60","Fremantle","Freo"
10,15,51,12,18,30,7,107,76.3,333,1291,NA,17,12,52.6,6,28.6,10,151,24,35,55,0,0,0,0,0,0,182,2018-01-29 22:57:30,92,11,NA,38,NA,NA,46,NA,54.3,19,NA,28,1,329,63,222,"GCFC","CD_T1000","Gold Coast Suns","Suns",14,36,39,15,17,32,11,127,77.6,419,1782,NA,12,17,50,11,27,17,170,45,63,66,0,0,0,0,0,0,249,2018-01-29 22:57:30,127,24,NA,27,NA,NA,24,NA,54,34,NA,43,7,416,55,289,"STK","CD_T130","St Kilda","Saints"
13,26,46,13,23,36,14,136,77.6,424,1789,NA,21,15,62.5,18,45.5,25,172,31,55,70,0,0,0,0,0,0,252,2018-01-29 22:57:36,125,29,NA,45,NA,NA,33,NA,72.7,40,NA,42,6,420,56,284,"RICH","CD_T120","Richmond","Tigers",6,6,54,15,17,32,8,114,74.2,318,1285,NA,15,21,42.9,4,15.4,6,145,39,39,56,0,0,0,0,0,0,173,2018-01-29 22:57:36,77,1,NA,29,NA,NA,30,NA,35.9,14,NA,47,4,318,70,204,"GWS","CD_T1010","GWS Giants","Giants"
15,10,49,17,33,50,11,148,73.5,324,1272,NA,26,23,40.6,7,20.6,13,151,47,63,55,0,0,0,0,0,0,173,2018-01-29 22:57:38,50,6,NA,48,NA,NA,34,NA,50.8,32,NA,54,5,319,65,171,"WB","CD_T140","Western Bulldogs","Bulldogs",10,14,50,11,23,34,11,128,75.1,342,1484,NA,23,26,57.7,11,30.6,15,137,35,49,66,0,0,0,0,0,0,205,2018-01-29 22:57:38,85,10,NA,53,NA,NA,48,NA,53.1,26,NA,62,8,330,55,202,"BL","CD_T20","Brisbane Lions","Lions"
10,3,47,12,32,44,13,156,71.6,377,1575,NA,24,16,60.7,13,33.3,17,172,33,51,66,0,0,0,0,0,0,205,2018-01-29 22:57:47,81,17,NA,58,NA,NA,40,NA,54.9,28,NA,71,14,383,65,227,"HAW","CD_T80","Hawthorn","Hawks",4,4,34,19,21,40,8,154,69.2,351,1559,NA,16,24,76.2,10,28.1,16,166,56,57,65,0,0,0,0,0,0,185,2018-01-29 22:57:47,72,8,NA,48,NA,NA,34,NA,36.8,21,NA,81,16,351,66,197,"SYD","CD_T160","Sydney Swans","Swans"
5,11,40,8,21,29,8,115,71.8,291,1175,NA,13,14,50,4,22.2,6,128,45,27,58,0,0,0,0,0,0,163,2018-01-29 22:57:56,67,7,NA,45,NA,NA,43,NA,44.4,12,NA,42,2,286,77,171,"FRE","CD_T60","Fremantle","Freo",16,15,44,12,17,29,13,143,79.6,520,2034,NA,14,13,44.4,14,25.8,16,252,22,62,77,0,0,0,0,0,0,268,2018-01-29 22:57:56,143,27,NA,42,NA,NA,21,NA,58.1,36,NA,48,12,527,58,384,"STK","CD_T130","St Kilda","Saints"
9,7,39,10,29,39,11,119,75.1,361,1548,NA,21,20,60.7,13,38.6,17,175,43,44,61,0,0,0,0,0,0,186,2018-01-29 22:58:17,83,13,NA,35,NA,NA,45,NA,63.6,28,NA,70,6,343,60,224,"BL","CD_T20","Brisbane Lions","Lions",22,5,53,18,28,46,10,155,70.6,378,1512,NA,20,21,39.5,9,24.6,15,181,46,61,60,0,0,0,0,0,0,197,2018-01-29 22:58:17,76,10,NA,31,NA,NA,27,NA,62.3,38,NA,53,12,378,60,223,"GEEL","CD_T70","Geelong Cats","Cats"
14,18,35,17,26,43,8,129,67.4,276,1304,NA,13,18,45.5,13,29.4,15,87,47,51,57,0,0,0,0,0,0,189,2018-01-29 22:57:45,67,15,NA,35,NA,NA,31,NA,64.7,33,NA,58,9,271,58,142,"CARL","CD_T30","Carlton","Blues",13,20,46,8,20,28,5,115,73.7,365,1580,NA,18,13,53.6,13,31.9,15,160,36,47,58,0,0,0,0,0,0,205,2018-01-29 22:57:45,109,21,NA,29,NA,NA,35,NA,59.6,28,NA,55,7,364,56,249,"PORT","CD_T110","Port Adelaide","Power"
14,18,31,17,17,34,9,128,81.1,413,1795,NA,10,15,51.7,10,25.9,15,156,29,58,57,0,0,0,0,0,0,257,2018-01-29 22:58:04,138,20,NA,35,NA,NA,36,NA,50,29,NA,45,6,409,48,281,"RICH","CD_T120","Richmond","Tigers",11,11,38,8,16,24,3,83,78,341,1478,NA,15,10,40.9,7,20,9,139,18,45,48,0,0,0,0,0,0,202,2018-01-29 22:58:04,122,16,NA,38,NA,NA,42,NA,48.9,22,NA,45,1,342,55,259,"ESS","CD_T50","Essendon","Bombers"
15,8,45,19,24,43,12,144,76.6,402,1582,NA,23,20,61.3,11,29.7,19,176,35,64,66,0,0,0,0,0,0,226,2018-01-29 22:58:12,83,11,NA,30,NA,NA,28,NA,48.4,31,NA,47,12,386,60,242,"ADEL","CD_T10","Adelaide Crows","Crows",13,16,46,7,28,35,8,132,69.7,337,1344,NA,20,23,29.4,3,14.3,5,161,44,35,60,0,0,0,0,0,0,176,2018-01-29 22:58:12,72,4,NA,36,NA,NA,45,NA,48.6,17,NA,57,7,336,66,204,"WCE","CD_T150","West Coast Eagles","Eagles"
9,8,42,14,24,38,10,121,70.8,353,1536,NA,14,12,39.1,5,25,9,147,47,36,51,0,0,0,0,0,0,206,2018-01-29 22:58:01,108,11,NA,41,NA,NA,39,NA,63.9,23,NA,55,6,350,58,229,"GWS","CD_T1010","GWS Giants","Giants",14,12,39,18,21,39,5,125,76.7,391,1690,NA,12,14,55,16,36.1,22,177,30,61,60,0,0,0,0,0,0,214,2018-01-29 22:58:01,100,16,NA,40,NA,NA,24,NA,65.6,40,NA,60,12,387,51,262,"GCFC","CD_T1000","Gold Coast Suns","Suns"
11,14,45,25,16,41,6,113,81.4,387,1614,NA,12,16,59.4,11,36.5,19,167,31,52,54,0,0,0,0,0,0,220,2018-01-29 22:58:10,104,16,NA,38,NA,NA,33,NA,61.5,32,NA,43,6,377,61,264,"NMFC","CD_T100","North Melbourne","Kangaroos",12,14,37,12,15,27,13,117,78.4,338,1365,NA,16,12,54.8,11,34,17,156,27,50,61,0,0,0,0,0,0,182,2018-01-29 22:58:10,82,17,NA,30,NA,NA,31,NA,62,31,NA,39,13,344,53,227,"COLL","CD_T40","Collingwood","Magpies"
9,31,40,7,22,29,9,103,75.9,295,1304,NA,23,16,54.2,10,35.1,13,133,37,37,56,0,0,0,0,0,0,162,2018-01-29 22:57:53,79,10,NA,48,NA,NA,36,NA,64.9,24,NA,61,8,293,45,190,"MELB","CD_T90","Melbourne","Demons",11,6,42,16,31,47,11,148,77,404,1677,NA,16,23,61.5,10,30.8,16,194,52,52,45,0,0,0,0,0,0,210,2018-01-29 22:57:53,99,12,NA,41,NA,NA,24,NA,50,26,NA,57,6,405,56,257,"WB","CD_T140","Western Bulldogs","Bulldogs"
9,6,39,15,30,45,8,139,70.5,315,1232,NA,19,14,35,6,18.4,7,159,49,38,45,0,0,0,0,0,0,156,2018-01-30 00:13:08,43,8,NA,54,NA,NA,38,NA,52.6,20,NA,65,18,311,66,172,"SYD","CD_T160","Sydney Swans","Swans",15,8,34,9,22,31,7,133,77.9,407,1750,NA,14,19,46.9,13,27.8,15,170,35,54,66,0,0,0,0,0,0,237,2018-01-30 00:13:08,114,20,NA,49,NA,NA,31,NA,59.3,32,NA,60,7,404,45,271,"HAW","CD_T80","Hawthorn","Hawks"
15,12,57,14,29,43,16,150,70.7,331,1454,NA,25,19,46.2,7,23.5,12,132,53,51,67,0,0,0,0,0,0,199,2018-01-30 00:13:15,79,7,NA,53,NA,NA,45,NA,51,26,NA,68,7,331,80,181,"FRE","CD_T60","Fremantle","Freo",18,8,48,6,16,22,15,139,72.4,362,1484,NA,19,25,32.1,4,16.4,9,168,16,55,81,0,0,0,0,0,0,194,2018-01-30 00:13:15,82,8,NA,61,NA,NA,38,NA,50.9,28,NA,66,10,353,66,214,"GEEL","CD_T70","Geelong Cats","Cats"
15,4,45,9,26,35,18,119,74.1,352,1579,NA,19,18,48,7,27.9,12,134,37,43,65,0,0,0,0,0,0,218,2018-01-30 00:13:16,116,17,NA,46,NA,NA,48,NA,58.1,25,NA,56,9,345,55,226,"PORT","CD_T110","Port Adelaide","Power",9,9,48,11,28,39,11,125,72.8,316,1447,NA,18,19,40.9,8,15.5,9,122,26,58,55,0,0,0,0,0,0,194,2018-01-30 00:13:16,81,16,NA,42,NA,NA,30,NA,37.9,22,NA,81,15,317,64,192,"COLL","CD_T40","Collingwood","Magpies"
8,17,52,19,30,49,9,137,67.8,292,1376,NA,18,19,60,14,40,18,99,52,45,59,0,0,0,0,0,0,193,2018-01-30 00:13:22,66,14,NA,58,NA,NA,35,NA,66.7,30,NA,67,16,291,62,154,"CARL","CD_T30","Carlton","Blues",12,15,43,12,25,37,8,129,71.2,320,1435,NA,19,18,50,7,27.5,14,119,37,51,62,0,0,0,0,0,0,201,2018-01-30 00:13:22,88,13,NA,43,NA,NA,26,NA,54.9,28,NA,59,6,320,59,191,"RICH","CD_T120","Richmond","Tigers"
8,10,54,9,23,32,7,128,73,341,1425,NA,22,14,60,6,30.8,12,156,35,39,58,0,0,0,0,0,0,185,2018-01-30 00:13:24,85,10,NA,39,NA,NA,50,NA,51.3,20,NA,60,9,337,71,209,"PORT","CD_T110","Port Adelaide","Power",18,14,41,14,17,31,10,142,72.6,368,1574,NA,14,22,37.1,10,20,13,171,32,65,71,0,0,0,0,0,0,197,2018-01-30 00:13:24,87,13,NA,52,NA,NA,27,NA,53.8,35,NA,68,14,377,58,235,"GEEL","CD_T70","Geelong Cats","Cats"
14,15,46,9,31,40,8,151,63.5,345,1405,NA,9,15,38.1,6,14.3,8,114,41,56,80,0,0,0,0,0,0,231,2018-01-30 00:13:29,79,8,NA,60,NA,NA,49,NA,37.5,21,NA,39,4,327,87,176,"CARL","CD_T30","Carlton","Blues",8,8,45,13,25,38,10,159,77.1,442,1724,NA,15,9,59.1,10,21,13,204,33,62,87,0,0,0,0,0,0,238,2018-01-30 00:13:29,93,11,NA,44,NA,NA,46,NA,35.5,22,NA,60,9,438,80,279,"SYD","CD_T160","Sydney Swans","Swans"
7,4,58,13,18,31,10,129,67.1,292,1274,NA,19,19,65.2,10,35.7,15,119,25,42,62,0,0,0,0,0,0,173,2018-01-30 00:13:31,71,6,NA,49,NA,NA,48,NA,54.8,23,NA,55,17,287,73,158,"GEEL","CD_T70","Geelong Cats","Cats",18,2,44,20,17,37,8,130,72.1,383,1666,NA,19,19,46.7,10,21.9,14,144,43,64,73,0,0,0,0,0,0,239,2018-01-30 00:13:31,102,16,NA,54,NA,NA,27,NA,46.9,30,NA,62,15,374,62,244,"HAW","CD_T80","Hawthorn","Hawks"
8,7,46,9,25,34,3,134,70.2,352,1495,NA,13,25,50,7,28.2,11,171,30,39,61,0,0,0,0,0,0,181,2018-01-30 00:13:37,72,12,NA,36,NA,NA,27,NA,56.4,22,NA,76,4,344,68,210,"SYD","CD_T160","Sydney Swans","Swans",15,6,52,17,25,42,16,155,70.6,388,1655,NA,25,13,53.8,9,33.3,14,168,53,42,68,0,0,0,0,0,0,220,2018-01-30 00:13:37,95,13,NA,40,NA,NA,28,NA,61.9,26,NA,71,26,382,62,227,"FRE","CD_T60","Fremantle","Freo"
14,10,46,11,23,34,9,136,69.4,333,1403,NA,15,14,27.6,6,18.2,8,152,55,44,58,0,0,0,0,0,0,181,2018-01-30 00:13:39,70,17,NA,47,NA,NA,34,NA,65.9,29,NA,65,10,333,54,197,"FRE","CD_T60","Fremantle","Freo",11,2,40,10,32,42,13,142,67.4,337,1601,NA,14,15,45.8,6,24.4,11,116,27,45,54,0,0,0,0,0,0,221,2018-01-30 00:13:39,103,11,NA,57,NA,NA,36,NA,53.3,24,NA,80,12,340,58,198,"HAW","CD_T80","Hawthorn","Hawks"
